Timestamp,Thrust_0Deg (Kg),Thrust_90Deg (Kg),Thrust_180Deg (Kg),Thrust_270Deg (Kg)
2025-08-26 16:41:33.114,0.0,0.0,0.0,0.0,0.0,0.0,0,0,0,0,0
2025-08-26 16:41:33.164,0.0,0.0,0.0,0.0,0.0,0.0,0,0,0,0,0
2025-08-26 16:41:33.214,0.0,0.0,0.0,0.0,0.0,0.0,0,0,0,0,0
2025-08-26 16:41:33.265,0.0,0.0,0.0,0.0,0.0,0.0,0,0,0,0,0
2025-08-26 16:41:33.315,44.69,0.0,0.0,0.0,44.69,437.962,0,0,0,0,0
2025-08-26 16:41:33.365,44.69,-22.21,0.0,0.0,22.48,220.304,0,0,0,0,0
2025-08-26 16:41:33.416,44.69,-22.21,0.0,0.0,22.48,220.304,0,0,0,0,0
2025-08-26 16:41:33.466,44.69,-22.21,0.0,0.0,22.48,220.304,0,0,0,0,0
2025-08-26 16:41:33.516,44.69,-22.21,0.0,0.0,22.48,220.304,0,0,0,0,0
2025-08-26 16:41:33.567,44.69,-22.21,0.0,0.0,22.48,220.304,0,0,0,0,0
2025-08-26 16:41:33.617,44.69,-22.21,0.0,0.0,22.48,220.304,0,0,0,0,0
2025-08-26 16:41:33.667,44.69,-22.21,0.0,0.0,22.48,220.304,0,0,0,0,0
2025-08-26 16:41:33.718,44.69,-22.21,-10.79,-12.04,0.35,3.43,0,0,0,0,0
2025-08-26 16:41:33.768,44.69,-22.21,-10.79,-12.04,0.35,3.43,0,0,0,0,0
2025-08-26 16:41:33.818,44.69,-22.21,-10.79,-12.04,0.35,3.43,0,0,0,0,0
2025-08-26 16:41:33.869,44.69,-22.21,-10.79,-12.04,0.35,3.43,0,0,0,0,0
2025-08-26 16:41:33.919,44.69,-22.21,-10.79,-12.04,0.35,3.43,0,0,0,0,0
2025-08-26 16:41:33.970,44.69,-22.21,-10.79,-12.04,0.35,3.43,0,0,0,0,0
2025-08-26 16:41:34.020,44.69,-22.21,-10.79,-12.04,0.35,3.43,0,0,0,0,0
2025-08-26 16:41:34.070,44.69,-22.22,-10.79,-12.04,0.36,3.528,0,0,0,0,0
2025-08-26 16:41:34.121,44.69,-22.22,-10.79,-12.04,0.36,3.528,0,0,0,0,0
2025-08-26 16:41:34.171,44.69,-22.22,-10.79,-12.04,0.36,3.528,0,0,0,0,0
2025-08-26 16:41:34.224,44.69,-22.22,-10.79,-12.04,0.36,3.528,0,0,0,0,0
2025-08-26 16:41:34.274,44.69,-22.22,-10.79,-12.04,0.36,3.528,0,0,0,0,0
2025-08-26 16:41:34.325,44.69,-22.22,-10.79,-12.04,0.36,3.528,0,0,0,0,0
2025-08-26 16:41:34.375,44.69,-22.22,-10.79,-12.04,0.36,3.528,0,0,0,0,0
2025-08-26 16:41:34.425,44.69,-22.22,-10.8,-12.0,0.33,3.234,0,0,0,0,0
2025-08-26 16:41:34.476,44.69,-22.22,-10.8,-12.0,0.33,3.234,0,0,0,0,0
2025-08-26 16:41:34.526,44.69,-22.22,-10.8,-12.0,0.33,3.234,0,0,0,0,0
2025-08-26 16:41:34.576,44.69,-22.22,-10.8,-12.0,0.33,3.234,0,0,0,0,0
2025-08-26 16:41:34.626,44.69,-22.22,-10.8,-12.0,0.33,3.234,0,0,0,0,0
2025-08-26 16:41:34.677,44.69,-22.22,-10.8,-12.0,0.33,3.234,0,0,0,0,0
2025-08-26 16:41:34.727,44.69,-22.22,-10.8,-12.0,0.33,3.234,0,0,0,0,0
2025-08-26 16:41:34.777,44.69,-22.22,-10.8,-12.0,0.33,3.234,0,0,0,0,0
2025-08-26 16:41:34.828,44.69,-22.22,-10.8,-12.0,0.33,3.234,0,0,0,0,0
2025-08-26 16:41:34.878,44.69,-22.22,-10.8,-12.0,0.33,3.234,0,0,0,0,0
2025-08-26 16:41:34.934,44.69,-22.22,-10.8,-12.0,0.33,3.234,0,0,0,0,0
2025-08-26 16:41:34.984,44.69,-22.22,-10.8,-12.0,0.33,3.234,0,0,0,0,0
2025-08-26 16:41:35.034,44.69,-22.22,-10.8,-12.0,0.33,3.234,0,0,0,0,0
2025-08-26 16:41:35.084,44.69,-22.22,-10.79,-12.0,0.32,3.136,0,0,0,0,0
2025-08-26 16:41:35.135,44.69,-22.22,-10.79,-11.99,0.31,3.038,0,0,0,0,0
2025-08-26 16:41:35.185,44.69,-22.22,-10.79,-11.99,0.31,3.038,0,0,0,0,0
2025-08-26 16:41:35.235,44.69,-22.22,-10.79,-11.99,0.31,3.038,0,0,0,0,0
2025-08-26 16:41:35.286,44.69,-22.22,-10.79,-11.99,0.31,3.038,0,0,0,0,0
2025-08-26 16:41:35.336,44.69,-22.22,-10.79,-11.99,0.31,3.038,0,0,0,0,0
2025-08-26 16:41:35.386,44.69,-22.22,-10.79,-11.99,0.31,3.038,0,0,0,0,0
2025-08-26 16:41:35.437,44.69,-22.22,-10.79,-11.99,0.31,3.038,0,0,0,0,0
2025-08-26 16:41:35.487,44.69,-22.22,-10.79,-11.99,0.31,3.038,0,0,0,0,0
2025-08-26 16:41:35.538,44.69,-22.22,-10.79,-11.99,0.31,3.038,0,0,0,0,0
2025-08-26 16:41:35.588,44.69,-22.22,-10.79,-11.99,0.31,3.038,0,0,0,0,0
2025-08-26 16:41:35.639,44.69,-22.22,-10.79,-11.99,0.31,3.038,0,0,0,0,0
2025-08-26 16:41:35.689,44.69,-22.22,-10.79,-11.99,0.31,3.038,0,0,0,0,0
2025-08-26 16:41:35.739,44.69,-22.22,-10.79,-11.99,0.31,3.038,0,0,0,0,0
2025-08-26 16:41:35.789,44.69,-22.22,-10.8,-11.99,0.32,3.136,0,0,0,0,0
2025-08-26 16:41:35.840,44.69,-22.22,-10.8,-12.0,0.33,3.234,0,0,0,0,0
2025-08-26 16:41:35.890,44.69,-22.22,-10.8,-12.0,0.33,3.234,0,0,0,0,0
2025-08-26 16:41:35.940,44.69,-22.22,-10.8,-12.0,0.33,3.234,0,0,0,0,0
2025-08-26 16:41:35.991,44.69,-22.22,-10.8,-12.0,0.33,3.234,0,0,0,0,0
2025-08-26 16:41:36.041,44.69,-22.22,-10.8,-12.0,0.33,3.234,0,0,0,0,0
2025-08-26 16:41:36.091,44.69,-22.22,-10.8,-12.0,0.33,3.234,0,0,0,0,0
2025-08-26 16:41:36.142,44.69,-22.22,-10.8,-12.0,0.33,3.234,0,0,0,0,0
2025-08-26 16:41:36.192,44.69,-22.22,-10.8,-12.0,0.33,3.234,0,0,0,0,0
2025-08-26 16:41:36.242,44.69,-22.22,-10.8,-12.0,0.33,3.234,0,0,0,0,0
2025-08-26 16:41:36.293,44.69,-22.22,-10.8,-12.0,0.33,3.234,0,0,0,0,0
2025-08-26 16:41:36.343,44.69,-22.22,-10.8,-12.0,0.33,3.234,0,0,0,0,0
2025-08-26 16:41:36.393,44.69,-22.22,-10.8,-12.0,0.33,3.234,0,0,0,0,0
2025-08-26 16:41:36.443,44.69,-22.22,-10.8,-12.0,0.33,3.234,0,0,0,0,0
2025-08-26 16:41:36.494,44.69,-22.22,-10.8,-12.0,0.33,3.234,0,0,0,0,0
2025-08-26 16:41:36.544,44.69,-22.22,-10.8,-12.01,0.34,3.332,0,0,0,0,0
2025-08-26 16:41:36.594,44.69,-22.22,-10.8,-12.01,0.34,3.332,0,0,0,0,0
2025-08-26 16:41:36.645,44.69,-22.22,-10.8,-12.01,0.34,3.332,0,0,0,0,0
2025-08-26 16:41:36.695,44.69,-22.22,-10.8,-12.01,0.34,3.332,0,0,0,0,0
2025-08-26 16:41:36.745,44.69,-22.22,-10.8,-12.01,0.34,3.332,0,0,0,0,0
2025-08-26 16:41:36.796,44.69,-22.21,-10.8,-12.01,0.33,3.234,0,0,0,0,0
2025-08-26 16:41:36.846,44.69,-22.21,-10.8,-12.01,0.33,3.234,0,0,0,0,0
2025-08-26 16:41:36.896,44.69,-22.21,-10.8,-12.01,0.33,3.234,0,0,0,0,0
2025-08-26 16:41:36.947,44.69,-22.21,-10.8,-12.01,0.33,3.234,0,0,0,0,0
2025-08-26 16:41:36.997,44.69,-22.21,-10.8,-12.01,0.33,3.234,0,0,0,0,0
2025-08-26 16:41:37.050,44.69,-22.21,-10.8,-12.01,0.33,3.234,0,0,0,0,0
2025-08-26 16:41:37.100,44.69,-22.21,-10.8,-12.01,0.33,3.234,0,0,0,0,0
2025-08-26 16:41:37.150,44.69,-22.21,-10.8,-12.01,0.33,3.234,0,0,0,0,0
2025-08-26 16:41:37.201,44.69,-22.21,-10.8,-12.01,0.33,3.234,0,0,0,0,0
2025-08-26 16:41:37.251,44.69,-22.21,-10.8,-12.04,0.36,3.528,0,0,0,0,0
2025-08-26 16:41:37.301,44.69,-22.21,-10.8,-12.04,0.36,3.528,0,0,0,0,0
2025-08-26 16:41:37.351,44.69,-22.21,-10.8,-12.04,0.36,3.528,0,0,0,0,0
2025-08-26 16:41:37.402,44.69,-22.21,-10.8,-12.04,0.36,3.528,0,0,0,0,0
2025-08-26 16:41:37.452,44.69,-22.21,-10.8,-12.04,0.36,3.528,0,0,0,0,0
2025-08-26 16:41:37.502,44.69,-22.23,-10.8,-12.04,0.38,3.724,0,0,0,0,0
2025-08-26 16:41:37.552,44.69,-22.23,-10.8,-12.04,0.38,3.724,0,0,0,0,0
2025-08-26 16:41:37.603,44.69,-22.23,-10.8,-12.04,0.38,3.724,0,0,0,0,0
2025-08-26 16:41:37.653,44.69,-22.23,-10.8,-12.04,0.38,3.724,0,0,0,0,0
2025-08-26 16:41:37.703,44.69,-22.23,-10.8,-12.04,0.38,3.724,0,0,0,0,0
2025-08-26 16:41:37.758,44.69,-22.23,-10.8,-12.04,0.38,3.724,0,0,0,0,0
2025-08-26 16:41:37.808,44.69,-22.23,-10.8,-12.04,0.38,3.724,0,0,0,0,0
2025-08-26 16:41:37.858,44.69,-22.23,-10.8,-12.04,0.38,3.724,0,0,0,0,0
2025-08-26 16:41:37.909,44.69,-22.23,-10.8,-12.04,0.38,3.724,0,0,0,0,0
2025-08-26 16:41:37.959,44.69,-22.23,-10.8,-12.02,0.36,3.528,0,0,0,0,0
2025-08-26 16:41:38.009,44.69,-22.23,-10.8,-12.02,0.36,3.528,0,0,0,0,0
2025-08-26 16:41:38.059,44.69,-22.23,-10.8,-12.02,0.36,3.528,0,0,0,0,0
2025-08-26 16:41:38.110,44.69,-22.23,-10.8,-12.02,0.36,3.528,0,0,0,0,0
2025-08-26 16:41:38.160,44.69,-22.23,-10.8,-12.02,0.36,3.528,0,0,0,0,0
2025-08-26 16:41:38.210,44.69,-22.22,-10.8,-12.02,0.35,3.43,0,0,0,0,0
2025-08-26 16:41:38.260,44.69,-22.22,-10.8,-12.02,0.35,3.43,0,0,0,0,0
2025-08-26 16:41:38.311,44.69,-22.22,-10.8,-12.02,0.35,3.43,0,0,0,0,0
2025-08-26 16:41:38.361,44.69,-22.22,-10.8,-12.02,0.35,3.43,0,0,0,0,0
2025-08-26 16:41:38.411,44.69,-22.22,-10.8,-12.02,0.35,3.43,0,0,0,0,0
2025-08-26 16:41:38.462,44.69,-22.22,-10.8,-12.02,0.35,3.43,0,0,0,0,0
2025-08-26 16:41:38.512,44.69,-22.22,-10.8,-12.02,0.35,3.43,0,0,0,0,0
2025-08-26 16:41:38.562,44.69,-22.22,-10.8,-12.02,0.35,3.43,0,0,0,0,0
2025-08-26 16:41:38.613,44.69,-22.22,-10.8,-12.02,0.35,3.43,0,0,0,0,0
2025-08-26 16:41:38.663,44.69,-22.22,-10.8,-12.02,0.35,3.43,0,0,0,0,0
2025-08-26 16:41:38.713,44.69,-22.22,-10.8,-12.02,0.35,3.43,0,0,0,0,0
2025-08-26 16:41:38.764,44.69,-22.22,-10.8,-12.02,0.35,3.43,0,0,0,0,0
2025-08-26 16:41:38.814,44.69,-22.22,-10.8,-12.02,0.35,3.43,0,0,0,0,0
2025-08-26 16:41:38.864,44.69,-22.22,-10.8,-12.02,0.35,3.43,0,0,0,0,0
2025-08-26 16:41:38.915,44.69,-22.22,-10.8,-12.02,0.35,3.43,0,0,0,0,0
2025-08-26 16:41:38.965,44.69,-22.22,-10.8,-12.02,0.35,3.43,0,0,0,0,0
2025-08-26 16:41:39.015,44.69,-22.22,-10.8,-12.02,0.35,3.43,0,0,0,0,0
2025-08-26 16:41:39.066,44.69,-22.22,-10.8,-12.02,0.35,3.43,0,0,0,0,0
2025-08-26 16:41:39.116,44.69,-22.22,-10.8,-12.02,0.35,3.43,0,0,0,0,0
2025-08-26 16:41:39.170,44.69,-22.22,-10.8,-12.02,0.35,3.43,0,0,0,0,0
2025-08-26 16:41:39.220,44.69,-22.22,-10.8,-12.02,0.35,3.43,0,0,0,0,0
2025-08-26 16:41:39.270,44.69,-22.22,-10.8,-12.02,0.35,3.43,0,0,0,0,0
2025-08-26 16:41:39.321,44.69,-22.22,-10.8,-12.02,0.35,3.43,0,0,0,0,0
2025-08-26 16:41:39.371,44.69,-22.22,-10.8,-12.02,0.35,3.43,0,0,0,0,0
2025-08-26 16:41:39.421,44.69,-22.22,-10.8,-12.02,0.35,3.43,0,0,0,0,0
2025-08-26 16:41:39.472,44.69,-22.22,-10.8,-12.02,0.35,3.43,0,0,0,0,0
2025-08-26 16:41:39.522,44.69,-22.22,-10.8,-12.02,0.35,3.43,0,0,0,0,0
2025-08-26 16:41:39.572,44.69,-22.22,-10.8,-12.02,0.35,3.43,0,0,0,0,0
2025-08-26 16:41:39.623,44.69,-22.22,-10.8,-12.02,0.35,3.43,0,0,0,0,0
2025-08-26 16:41:39.673,44.69,-22.22,-10.8,-12.02,0.35,3.43,0,0,0,0,0
2025-08-26 16:41:39.723,44.69,-22.22,-10.8,-12.02,0.35,3.43,0,0,0,0,0
2025-08-26 16:41:39.774,44.69,-22.22,-10.8,-12.02,0.35,3.43,0,0,0,0,0
2025-08-26 16:41:39.824,44.69,-22.22,-10.8,-12.02,0.35,3.43,0,0,0,0,0
2025-08-26 16:41:39.874,44.69,-22.22,-10.79,-12.02,0.34,3.332,0,0,0,0,0
2025-08-26 16:41:39.925,44.69,-22.22,-10.79,-12.02,0.34,3.332,0,0,0,0,0
2025-08-26 16:41:39.975,44.69,-22.22,-10.79,-12.02,0.34,3.332,0,0,0,0,0
2025-08-26 16:41:40.026,44.69,-22.22,-10.79,-12.03,0.35,3.43,0,0,0,0,0
2025-08-26 16:41:40.076,44.69,-22.22,-10.79,-12.03,0.35,3.43,0,0,0,0,0
2025-08-26 16:41:40.126,44.69,-22.22,-10.79,-12.03,0.35,3.43,0,0,0,0,0
2025-08-26 16:41:40.177,44.69,-22.22,-10.79,-12.03,0.35,3.43,0,0,0,0,0
2025-08-26 16:41:40.227,44.69,-22.22,-10.79,-12.03,0.35,3.43,0,0,0,0,0
2025-08-26 16:41:40.277,44.69,-22.23,-10.79,-12.03,0.36,3.528,0,0,0,0,0
2025-08-26 16:41:40.328,44.69,-22.23,-10.79,-12.03,0.36,3.528,0,0,0,0,0
2025-08-26 16:41:40.378,44.69,-22.23,-10.79,-12.03,0.36,3.528,0,0,0,0,0
2025-08-26 16:41:40.428,44.69,-22.23,-10.79,-12.03,0.36,3.528,0,0,0,0,0
2025-08-26 16:41:40.479,44.69,-22.23,-10.79,-12.03,0.36,3.528,0,0,0,0,0
2025-08-26 16:41:40.529,44.69,-22.23,-10.8,-12.03,0.37,3.626,0,0,0,0,0
2025-08-26 16:41:40.580,44.69,-22.23,-10.8,-12.03,0.37,3.626,0,0,0,0,0
2025-08-26 16:41:40.630,44.69,-22.23,-10.8,-12.03,0.37,3.626,0,0,0,0,0
2025-08-26 16:41:40.680,44.69,-22.23,-10.8,-12.03,0.37,3.626,0,0,0,0,0
2025-08-26 16:41:40.731,44.69,-22.23,-10.8,-12.04,0.38,3.724,0,0,0,0,0
2025-08-26 16:41:40.781,44.69,-22.23,-10.8,-12.04,0.38,3.724,0,0,0,0,0
2025-08-26 16:41:40.834,44.69,-22.23,-10.8,-12.04,0.38,3.724,0,0,0,0,0
2025-08-26 16:41:40.884,44.69,-22.23,-10.8,-12.04,0.38,3.724,0,0,0,0,0
2025-08-26 16:41:40.935,44.69,-22.23,-10.8,-12.04,0.38,3.724,0,0,0,0,0
2025-08-26 16:41:40.985,44.69,-22.23,-10.8,-12.04,0.38,3.724,0,0,0,0,0
2025-08-26 16:41:41.035,44.69,-22.23,-10.8,-12.04,0.38,3.724,0,0,0,0,0
2025-08-26 16:41:41.089,44.69,-22.23,-10.8,-12.04,0.38,3.724,0,0,0,0,0
2025-08-26 16:41:41.139,44.69,-22.23,-10.8,-12.04,0.38,3.724,0,0,0,0,0
2025-08-26 16:41:41.190,44.69,-22.23,-10.8,-12.04,0.38,3.724,0,0,0,0,0
2025-08-26 16:41:41.240,44.69,-22.23,-10.8,-12.04,0.38,3.724,0,0,0,0,0
2025-08-26 16:41:41.290,44.69,-22.23,-10.8,-12.04,0.38,3.724,0,0,0,0,0
2025-08-26 16:41:41.346,44.69,-22.23,-10.8,-12.04,0.38,3.724,0,0,0,0,0
2025-08-26 16:41:41.396,44.69,-22.23,-10.8,-12.04,0.38,3.724,0,0,0,0,0
2025-08-26 16:41:41.446,44.69,-22.23,-10.8,-12.06,0.4,3.92,0,0,0,0,0
2025-08-26 16:41:41.497,44.69,-22.23,-10.8,-12.06,0.4,3.92,0,0,0,0,0
2025-08-26 16:41:41.547,44.69,-22.23,-10.8,-12.06,0.4,3.92,0,0,0,0,0
2025-08-26 16:41:41.597,44.69,-22.23,-10.8,-12.06,0.4,3.92,0,0,0,0,0
2025-08-26 16:41:41.648,44.69,-22.23,-10.8,-12.06,0.4,3.92,0,0,0,0,0
2025-08-26 16:41:41.698,44.69,-22.23,-10.8,-12.06,0.4,3.92,0,0,0,0,0
2025-08-26 16:41:41.749,44.69,-22.23,-10.8,-12.06,0.4,3.92,0,0,0,0,0
2025-08-26 16:41:41.799,44.69,-22.23,-10.8,-12.06,0.4,3.92,0,0,0,0,0
2025-08-26 16:41:41.849,44.69,-22.23,-10.8,-12.06,0.4,3.92,0,0,0,0,0
2025-08-26 16:41:41.900,44.69,-22.23,-10.8,-12.06,0.4,3.92,0,0,0,0,0
2025-08-26 16:41:41.951,44.69,-22.23,-10.8,-12.06,0.4,3.92,0,0,0,0,0
2025-08-26 16:41:42.005,44.69,-22.23,-10.8,-12.06,0.4,3.92,0,0,0,0,0
2025-08-26 16:41:42.058,44.69,-22.23,-10.8,-12.06,0.4,3.92,0,0,0,0,0
2025-08-26 16:41:42.108,44.69,-22.23,-10.8,-12.05,0.39,3.822,0,0,0,0,0
2025-08-26 16:41:42.158,44.69,-22.23,-10.8,-12.05,0.39,3.822,0,0,0,0,0
2025-08-26 16:41:42.209,44.69,-22.23,-10.8,-12.05,0.39,3.822,0,0,0,0,0
2025-08-26 16:41:42.259,44.69,-22.23,-10.8,-12.05,0.39,3.822,0,0,0,0,0
2025-08-26 16:41:42.309,44.69,-22.23,-10.8,-12.05,0.39,3.822,0,0,0,0,0
2025-08-26 16:41:42.360,44.69,-22.23,-10.8,-12.05,0.39,3.822,0,0,0,0,0
2025-08-26 16:41:42.410,44.69,-22.23,-10.8,-12.05,0.39,3.822,0,0,0,0,0
2025-08-26 16:41:42.460,44.69,-22.23,-10.8,-12.05,0.39,3.822,0,0,0,0,0
2025-08-26 16:41:42.511,44.69,-22.23,-10.8,-12.05,0.39,3.822,0,0,0,0,0
2025-08-26 16:41:42.561,44.69,-22.23,-10.8,-12.05,0.39,3.822,0,0,0,0,0
2025-08-26 16:41:42.612,44.69,-22.23,-10.8,-12.05,0.39,3.822,0,0,0,0,0
2025-08-26 16:41:42.662,44.69,-22.23,-10.8,-12.05,0.39,3.822,0,0,0,0,0
2025-08-26 16:41:42.712,44.69,-22.23,-10.8,-12.05,0.39,3.822,0,0,0,0,0
2025-08-26 16:41:42.763,44.69,-22.23,-10.8,-12.05,0.39,3.822,0,0,0,0,0
2025-08-26 16:41:42.813,44.69,-22.23,-10.8,-12.04,0.38,3.724,0,0,0,0,0
2025-08-26 16:41:42.863,44.69,-22.23,-10.8,-12.04,0.38,3.724,0,0,0,0,0
2025-08-26 16:41:42.914,44.69,-22.23,-10.8,-12.04,0.38,3.724,0,0,0,0,0
2025-08-26 16:41:42.964,44.69,-22.23,-10.8,-12.04,0.38,3.724,0,0,0,0,0
2025-08-26 16:41:43.014,44.69,-22.21,-10.8,-12.04,0.36,3.528,0,0,0,0,0
2025-08-26 16:41:43.065,44.69,-22.21,-10.8,-12.04,0.36,3.528,0,0,0,0,0
2025-08-26 16:41:43.115,44.69,-22.21,-10.8,-12.04,0.36,3.528,0,0,0,0,0
2025-08-26 16:41:43.165,44.69,-22.21,-10.8,-12.04,0.36,3.528,0,0,0,0,0
2025-08-26 16:41:43.215,44.69,-22.21,-10.8,-12.04,0.36,3.528,0,0,0,0,0
2025-08-26 16:41:43.266,44.69,-22.21,-10.8,-12.04,0.36,3.528,0,0,0,0,0
2025-08-26 16:41:43.316,44.69,-22.21,-10.8,-12.04,0.36,3.528,0,0,0,0,0
2025-08-26 16:41:43.366,44.69,-22.21,-10.8,-12.04,0.36,3.528,0,0,0,0,0
2025-08-26 16:41:43.417,44.69,-22.21,-10.8,-12.04,0.36,3.528,0,0,0,0,0
2025-08-26 16:41:43.467,44.69,-22.21,-10.8,-12.04,0.36,3.528,0,0,0,0,0
2025-08-26 16:41:43.517,44.69,-22.21,-10.8,-12.04,0.36,3.528,0,0,0,0,0
2025-08-26 16:41:43.568,44.69,-22.21,-10.8,-12.04,0.36,3.528,0,0,0,0,0
2025-08-26 16:41:43.618,44.69,-22.21,-10.8,-12.04,0.36,3.528,0,0,0,0,0
2025-08-26 16:41:43.668,44.69,-22.21,-10.8,-12.04,0.36,3.528,0,0,0,0,0
2025-08-26 16:41:43.719,44.69,-22.22,-10.8,-12.04,0.37,3.626,0,0,0,0,0
2025-08-26 16:41:43.769,44.69,-22.22,-10.8,-12.04,0.37,3.626,0,0,0,0,0
2025-08-26 16:41:43.819,44.69,-22.22,-10.8,-12.04,0.37,3.626,0,0,0,0,0
2025-08-26 16:41:43.870,44.69,-22.22,-10.8,-12.04,0.37,3.626,0,0,0,0,0
2025-08-26 16:41:43.920,44.69,-22.22,-10.8,-12.04,0.37,3.626,0,0,0,0,0
2025-08-26 16:41:43.971,44.69,-22.22,-10.8,-12.04,0.37,3.626,0,0,0,0,0
2025-08-26 16:41:44.022,44.69,-22.22,-10.8,-12.04,0.37,3.626,0,0,0,0,0
2025-08-26 16:41:44.072,44.69,-22.22,-10.8,-12.04,0.37,3.626,0,0,0,0,0
2025-08-26 16:41:44.122,44.69,-22.22,-10.8,-12.04,0.37,3.626,0,0,0,0,0
2025-08-26 16:41:44.173,44.69,-22.22,-10.8,-12.04,0.37,3.626,0,0,0,0,0
2025-08-26 16:41:44.223,44.69,-22.22,-10.8,-12.02,0.35,3.43,0,0,0,0,0
2025-08-26 16:41:44.273,44.69,-22.22,-10.8,-12.02,0.35,3.43,0,0,0,0,0
2025-08-26 16:41:44.323,44.69,-22.22,-10.8,-12.02,0.35,3.43,0,0,0,0,0
2025-08-26 16:41:44.374,44.69,-22.22,-10.8,-12.02,0.35,3.43,0,0,0,0,0
2025-08-26 16:41:44.424,44.69,-22.22,-10.8,-12.02,0.35,3.43,0,0,0,0,0
2025-08-26 16:41:44.475,44.69,-22.22,-10.8,-12.02,0.35,3.43,0,0,0,0,0
2025-08-26 16:41:44.525,44.69,-22.22,-10.8,-12.02,0.35,3.43,0,0,0,0,0
2025-08-26 16:41:44.575,44.69,-22.22,-10.8,-12.02,0.35,3.43,0,0,0,0,0
2025-08-26 16:41:44.629,44.69,-22.22,-10.8,-12.02,0.35,3.43,0,0,0,0,0
2025-08-26 16:41:44.680,44.69,-22.22,-10.8,-12.02,0.35,3.43,0,0,0,0,0
2025-08-26 16:41:44.730,44.69,-22.22,-10.8,-12.02,0.35,3.43,0,0,0,0,0
2025-08-26 16:41:44.780,44.7,-22.22,-10.8,-12.02,0.34,3.332,0,0,0,0,0
2025-08-26 16:41:44.831,44.7,-22.22,-10.8,-12.02,0.34,3.332,0,0,0,0,0
2025-08-26 16:41:44.882,44.7,-22.22,-10.8,-12.02,0.34,3.332,0,0,0,0,0
2025-08-26 16:41:44.933,44.7,-22.22,-10.8,-12.03,0.35,3.43,0,0,0,0,0
2025-08-26 16:41:44.984,44.7,-22.22,-10.8,-12.03,0.35,3.43,0,0,0,0,0
2025-08-26 16:41:45.035,44.7,-22.22,-10.8,-12.03,0.35,3.43,0,0,0,0,0
2025-08-26 16:41:45.085,44.7,-22.22,-10.8,-12.03,0.35,3.43,0,0,0,0,0
2025-08-26 16:41:45.136,44.7,-22.22,-10.8,-12.03,0.35,3.43,0,0,0,0,0
2025-08-26 16:41:45.186,44.7,-22.22,-10.8,-12.03,0.35,3.43,0,0,0,0,0
2025-08-26 16:41:45.236,44.7,-22.22,-10.8,-12.03,0.35,3.43,0,0,0,0,0
2025-08-26 16:41:45.287,44.7,-22.22,-10.8,-12.03,0.35,3.43,0,0,0,0,0
2025-08-26 16:41:45.337,44.7,-22.22,-10.8,-12.03,0.35,3.43,0,0,0,0,0
2025-08-26 16:41:45.388,44.7,-22.22,-10.8,-12.03,0.35,3.43,0,0,0,0,0
2025-08-26 16:41:45.438,44.69,-22.22,-10.8,-12.03,0.36,3.528,0,0,0,0,0
2025-08-26 16:41:45.489,44.69,-22.22,-10.8,-12.03,0.36,3.528,0,0,0,0,0
2025-08-26 16:41:45.539,44.69,-22.22,-10.8,-12.03,0.36,3.528,0,0,0,0,0
2025-08-26 16:41:45.589,44.69,-22.22,-10.8,-12.03,0.36,3.528,0,0,0,0,0
2025-08-26 16:41:45.640,44.69,-22.22,-10.8,-12.02,0.35,3.43,0,0,0,0,0
2025-08-26 16:41:45.690,44.69,-22.22,-10.8,-12.02,0.35,3.43,0,0,0,0,0
2025-08-26 16:41:45.740,44.69,-22.22,-10.8,-12.02,0.35,3.43,0,0,0,0,0
2025-08-26 16:41:45.791,44.69,-22.22,-10.8,-12.02,0.35,3.43,0,0,0,0,0
2025-08-26 16:41:45.841,44.69,-22.22,-10.8,-12.02,0.35,3.43,0,0,0,0,0
2025-08-26 16:41:45.891,44.69,-22.22,-10.8,-12.02,0.35,3.43,0,0,0,0,0
2025-08-26 16:41:45.942,44.69,-22.22,-10.8,-12.02,0.35,3.43,0,0,0,0,0
2025-08-26 16:41:45.992,44.69,-22.22,-10.79,-12.02,0.34,3.332,0,0,0,0,0
2025-08-26 16:41:46.042,44.69,-22.22,-10.79,-12.02,0.34,3.332,0,0,0,0,0
2025-08-26 16:41:46.093,44.69,-22.22,-10.79,-12.02,0.34,3.332,0,0,0,0,0
2025-08-26 16:41:46.143,44.69,-22.22,-10.79,-12.02,0.34,3.332,0,0,0,0,0
2025-08-26 16:41:46.194,44.69,-22.22,-10.79,-12.02,0.34,3.332,0,0,0,0,0
2025-08-26 16:41:46.244,44.69,-22.22,-10.79,-12.02,0.34,3.332,0,0,0,0,0
2025-08-26 16:41:46.295,44.69,-22.22,-10.79,-12.02,0.34,3.332,0,0,0,0,0
2025-08-26 16:41:46.345,44.69,-22.22,-10.79,-12.02,0.34,3.332,0,0,0,0,0
2025-08-26 16:41:46.395,44.69,-22.22,-10.79,-12.02,0.34,3.332,0,0,0,0,0
2025-08-26 16:41:46.446,44.69,-22.22,-10.79,-12.02,0.34,3.332,0,0,0,0,0
2025-08-26 16:41:46.496,44.69,-22.22,-10.79,-12.02,0.34,3.332,0,0,0,0,0
2025-08-26 16:41:46.546,44.69,-22.22,-10.79,-12.02,0.34,3.332,0,0,0,0,0
2025-08-26 16:41:46.598,44.69,-22.22,-10.79,-12.02,0.34,3.332,0,0,0,0,0
2025-08-26 16:41:46.654,44.69,-22.22,-10.79,-12.02,0.34,3.332,0,0,0,0,0
2025-08-26 16:41:46.704,44.69,-22.22,-10.8,-12.02,0.35,3.43,0,0,0,0,0
2025-08-26 16:41:46.754,44.69,-22.22,-10.8,-12.02,0.35,3.43,0,0,0,0,0
2025-08-26 16:41:46.805,44.69,-22.22,-10.8,-12.02,0.35,3.43,0,0,0,0,0
2025-08-26 16:41:46.855,44.69,-22.22,-10.8,-12.02,0.35,3.43,0,0,0,0,0
2025-08-26 16:41:46.905,44.69,-22.22,-10.8,-12.02,0.35,3.43,0,0,0,0,0
2025-08-26 16:41:46.955,44.69,-22.22,-10.8,-12.02,0.35,3.43,0,0,0,0,0
2025-08-26 16:41:47.006,44.69,-22.22,-10.8,-12.02,0.35,3.43,0,0,0,0,0
2025-08-26 16:41:47.056,44.69,-22.22,-10.8,-12.02,0.35,3.43,0,0,0,0,0
2025-08-26 16:41:47.106,44.69,-22.22,-10.8,-12.02,0.35,3.43,0,0,0,0,0
2025-08-26 16:41:47.157,44.69,-22.22,-10.8,-12.02,0.35,3.43,0,0,0,0,0
2025-08-26 16:41:47.207,44.69,-22.22,-10.8,-12.02,0.35,3.43,0,0,0,0,0
2025-08-26 16:41:47.257,44.69,-22.22,-10.8,-12.02,0.35,3.43,0,0,0,0,0
2025-08-26 16:41:47.308,44.69,-22.22,-10.8,-12.02,0.35,3.43,0,0,0,0,0
2025-08-26 16:41:47.358,44.69,-22.22,-10.79,-12.02,0.34,3.332,0,0,0,0,0
2025-08-26 16:41:47.408,44.69,-22.22,-10.79,-12.02,0.34,3.332,0,0,0,0,0
2025-08-26 16:41:47.458,44.69,-22.22,-10.79,-12.02,0.34,3.332,0,0,0,0,0
2025-08-26 16:41:47.509,44.69,-22.22,-10.79,-12.02,0.34,3.332,0,0,0,0,0
2025-08-26 16:41:47.559,44.69,-22.22,-10.79,-12.02,0.34,3.332,0,0,0,0,0
2025-08-26 16:41:47.609,44.69,-22.22,-10.79,-12.02,0.34,3.332,0,0,0,0,0
2025-08-26 16:41:47.660,44.69,-22.22,-10.79,-12.02,0.34,3.332,0,0,0,0,0
2025-08-26 16:41:47.710,44.69,-22.22,-10.79,-12.02,0.34,3.332,0,0,0,0,0
2025-08-26 16:41:47.760,44.69,-22.22,-10.79,-12.02,0.34,3.332,0,0,0,0,0
2025-08-26 16:41:47.810,44.69,-22.22,-10.79,-12.02,0.34,3.332,0,0,0,0,0
2025-08-26 16:41:47.861,44.69,-22.22,-10.79,-12.02,0.34,3.332,0,0,0,0,0
2025-08-26 16:41:47.911,44.69,-22.22,-10.79,-12.02,0.34,3.332,0,0,0,0,0
2025-08-26 16:41:47.961,44.69,-22.22,-10.79,-12.02,0.34,3.332,0,0,0,0,0
2025-08-26 16:41:48.012,44.69,-22.22,-10.79,-12.02,0.34,3.332,0,0,0,0,0
2025-08-26 16:41:48.063,44.69,-22.22,-10.79,-12.02,0.34,3.332,0,0,0,0,0
2025-08-26 16:41:48.113,44.69,-22.22,-10.79,-12.02,0.34,3.332,0,0,0,0,0
2025-08-26 16:41:48.163,44.69,-22.22,-10.79,-12.02,0.34,3.332,0,0,0,0,0
2025-08-26 16:41:48.213,44.69,-22.22,-10.79,-12.02,0.34,3.332,0,0,0,0,0
2025-08-26 16:41:48.264,44.69,-22.22,-10.79,-12.02,0.34,3.332,0,0,0,0,0
2025-08-26 16:41:48.314,44.69,-22.22,-10.79,-12.02,0.34,3.332,0,0,0,0,0
2025-08-26 16:41:48.364,44.69,-22.22,-10.79,-12.02,0.34,3.332,0,0,0,0,0
2025-08-26 16:41:48.415,44.69,-22.22,-10.79,-12.02,0.34,3.332,0,0,0,0,0
2025-08-26 16:41:48.465,44.69,-22.22,-10.79,-12.02,0.34,3.332,0,0,0,0,0
2025-08-26 16:41:48.515,44.69,-22.23,-10.79,-12.02,0.35,3.43,0,0,0,0,0
2025-08-26 16:41:48.566,44.69,-22.23,-10.79,-12.02,0.35,3.43,0,0,0,0,0
2025-08-26 16:41:48.616,44.69,-22.23,-10.79,-12.02,0.35,3.43,0,0,0,0,0
2025-08-26 16:41:48.666,44.69,-22.23,-10.79,-12.02,0.35,3.43,0,0,0,0,0
2025-08-26 16:41:48.716,44.69,-22.23,-10.8,-12.02,0.36,3.528,0,0,0,0,0
2025-08-26 16:41:48.767,44.69,-22.23,-10.8,-12.02,0.36,3.528,0,0,0,0,0
2025-08-26 16:41:48.817,44.69,-22.23,-10.8,-12.02,0.36,3.528,0,0,0,0,0
2025-08-26 16:41:48.867,44.69,-22.23,-10.8,-12.02,0.36,3.528,0,0,0,0,0
2025-08-26 16:41:48.918,44.69,-22.23,-10.8,-12.02,0.36,3.528,0,0,0,0,0
2025-08-26 16:41:48.968,44.69,-22.23,-10.8,-12.02,0.36,3.528,0,0,0,0,0
2025-08-26 16:41:49.018,44.69,-22.23,-10.8,-12.02,0.36,3.528,0,0,0,0,0
2025-08-26 16:41:49.069,44.69,-22.23,-10.8,-12.02,0.36,3.528,0,0,0,0,0
2025-08-26 16:41:49.119,44.69,-22.23,-10.8,-12.01,0.35,3.43,0,0,0,0,0
2025-08-26 16:41:49.169,44.69,-22.23,-10.8,-12.01,0.35,3.43,0,0,0,0,0
2025-08-26 16:41:49.220,44.69,-22.22,-10.8,-12.01,0.34,3.332,0,0,0,0,0
2025-08-26 16:41:49.270,44.69,-22.22,-10.8,-12.01,0.34,3.332,0,0,0,0,0
2025-08-26 16:41:49.320,44.69,-22.22,-10.8,-12.01,0.34,3.332,0,0,0,0,0
2025-08-26 16:41:49.371,44.69,-22.22,-10.8,-12.01,0.34,3.332,0,0,0,0,0
2025-08-26 16:41:49.421,44.69,-22.22,-10.79,-12.01,0.33,3.234,0,0,0,0,0
2025-08-26 16:41:49.471,44.69,-22.22,-10.79,-12.01,0.33,3.234,0,0,0,0,0
2025-08-26 16:41:49.522,44.69,-22.22,-10.79,-12.01,0.33,3.234,0,0,0,0,0
2025-08-26 16:41:49.572,44.69,-22.22,-10.79,-12.01,0.33,3.234,0,0,0,0,0
2025-08-26 16:41:49.622,44.69,-22.22,-10.79,-12.01,0.33,3.234,0,0,0,0,0
2025-08-26 16:41:49.672,44.69,-22.22,-10.79,-12.01,0.33,3.234,0,0,0,0,0
2025-08-26 16:41:49.724,44.69,-22.22,-10.79,-12.01,0.33,3.234,0,0,0,0,0
2025-08-26 16:41:49.774,44.69,-22.22,-10.79,-12.01,0.33,3.234,0,0,0,0,0
2025-08-26 16:41:49.825,44.69,-22.22,-10.79,-12.01,0.33,3.234,0,0,0,0,0
2025-08-26 16:41:49.875,44.69,-22.22,-10.79,-12.01,0.33,3.234,0,0,0,0,0
2025-08-26 16:41:49.925,44.69,-22.22,-10.79,-12.01,0.33,3.234,0,0,0,0,0
2025-08-26 16:41:49.976,44.69,-22.22,-10.79,-12.01,0.33,3.234,0,0,0,0,0
2025-08-26 16:41:50.026,44.69,-22.22,-10.79,-12.01,0.33,3.234,0,0,0,0,0
2025-08-26 16:41:50.076,44.69,-22.22,-10.8,-12.01,0.34,3.332,0,0,0,0,0
2025-08-26 16:41:50.127,44.69,-22.22,-10.8,-12.01,0.34,3.332,0,0,0,0,0
2025-08-26 16:41:50.177,44.69,-22.22,-10.8,-12.01,0.34,3.332,0,0,0,0,0
2025-08-26 16:41:50.228,44.69,-22.22,-10.8,-12.01,0.34,3.332,0,0,0,0,0
2025-08-26 16:41:50.278,44.69,-22.22,-10.8,-12.01,0.34,3.332,0,0,0,0,0
2025-08-26 16:41:50.328,44.69,-22.22,-10.8,-12.01,0.34,3.332,0,0,0,0,0
2025-08-26 16:41:50.379,44.69,-22.22,-10.8,-12.01,0.34,3.332,0,0,0,0,0
2025-08-26 16:41:50.429,44.69,-22.22,-10.8,-12.01,0.34,3.332,0,0,0,0,0
2025-08-26 16:41:50.480,44.69,-22.22,-10.8,-12.01,0.34,3.332,0,0,0,0,0
2025-08-26 16:41:50.530,44.69,-22.22,-10.8,-12.02,0.35,3.43,0,0,0,0,0
2025-08-26 16:41:50.580,44.69,-22.21,-10.8,-12.02,0.34,3.332,0,0,0,0,0
2025-08-26 16:41:50.631,44.69,-22.21,-10.8,-12.02,0.34,3.332,0,0,0,0,0
2025-08-26 16:41:50.681,44.69,-22.21,-10.8,-12.02,0.34,3.332,0,0,0,0,0
2025-08-26 16:41:50.731,44.69,-22.21,-10.8,-12.02,0.34,3.332,0,0,0,0,0
2025-08-26 16:41:50.782,44.69,-22.21,-10.8,-12.02,0.34,3.332,0,0,0,0,0
2025-08-26 16:41:50.832,44.69,-22.21,-10.8,-12.02,0.34,3.332,0,0,0,0,0
2025-08-26 16:41:50.882,44.69,-22.21,-10.8,-12.02,0.34,3.332,0,0,0,0,0
2025-08-26 16:41:50.932,44.69,-22.21,-10.8,-12.02,0.34,3.332,0,0,0,0,0
2025-08-26 16:41:50.983,44.69,-22.21,-10.8,-12.02,0.34,3.332,0,0,0,0,0
2025-08-26 16:41:51.033,44.69,-22.21,-10.8,-12.02,0.34,3.332,0,0,0,0,0
2025-08-26 16:41:51.083,44.69,-22.21,-10.8,-12.02,0.34,3.332,0,0,0,0,0
2025-08-26 16:41:51.134,44.69,-22.21,-10.8,-12.02,0.34,3.332,0,0,0,0,0
2025-08-26 16:41:51.185,44.69,-22.21,-10.8,-12.02,0.34,3.332,0,0,0,0,0
2025-08-26 16:41:51.235,44.69,-22.21,-10.8,-12.01,0.33,3.234,0,0,0,0,0
2025-08-26 16:41:51.285,44.69,-22.21,-10.8,-12.01,0.33,3.234,0,0,0,0,0
2025-08-26 16:41:51.335,44.69,-22.21,-10.8,-12.01,0.33,3.234,0,0,0,0,0
2025-08-26 16:41:51.386,44.69,-22.21,-10.8,-12.01,0.33,3.234,0,0,0,0,0
2025-08-26 16:41:51.436,44.69,-22.21,-10.8,-12.01,0.33,3.234,0,0,0,0,0
2025-08-26 16:41:51.487,44.69,-22.21,-10.8,-12.01,0.33,3.234,0,0,0,0,0
2025-08-26 16:41:51.537,44.69,-22.21,-10.8,-12.01,0.33,3.234,0,0,0,0,0
2025-08-26 16:41:51.587,44.69,-22.21,-10.8,-12.01,0.33,3.234,0,0,0,0,0
2025-08-26 16:41:51.638,44.69,-22.21,-10.8,-12.01,0.33,3.234,0,0,0,0,0
2025-08-26 16:41:51.688,44.69,-22.21,-10.8,-12.01,0.33,3.234,0,0,0,0,0
2025-08-26 16:41:51.738,44.69,-22.21,-10.8,-12.01,0.33,3.234,0,0,0,0,0
2025-08-26 16:41:51.794,44.69,-22.21,-10.8,-12.01,0.33,3.234,0,0,0,0,0
2025-08-26 16:41:51.844,44.69,-22.21,-10.8,-12.01,0.33,3.234,0,0,0,0,0
2025-08-26 16:41:51.894,44.69,-22.21,-10.8,-12.01,0.33,3.234,0,0,0,0,0
2025-08-26 16:41:51.945,44.69,-22.22,-10.8,-12.02,0.35,3.43,0,0,0,0,0
2025-08-26 16:41:51.995,44.69,-22.22,-10.8,-12.02,0.35,3.43,0,0,0,0,0
2025-08-26 16:41:52.045,44.69,-22.22,-10.8,-12.02,0.35,3.43,0,0,0,0,0
2025-08-26 16:41:52.095,44.69,-22.22,-10.8,-12.02,0.35,3.43,0,0,0,0,0
2025-08-26 16:41:52.146,44.69,-22.22,-10.8,-12.02,0.35,3.43,0,0,0,0,0
2025-08-26 16:41:52.196,44.69,-22.22,-10.8,-12.02,0.35,3.43,0,0,0,0,0
2025-08-26 16:41:52.246,44.69,-22.22,-10.8,-12.02,0.35,3.43,0,0,0,0,0
2025-08-26 16:41:52.297,44.69,-22.22,-10.8,-12.02,0.35,3.43,0,0,0,0,0
2025-08-26 16:41:52.347,44.69,-22.22,-10.8,-12.02,0.35,3.43,0,0,0,0,0
2025-08-26 16:41:52.398,44.7,-22.22,-10.8,-12.02,0.34,3.332,0,0,0,0,0
2025-08-26 16:41:52.448,44.7,-22.22,-10.8,-12.02,0.34,3.332,0,0,0,0,0
2025-08-26 16:41:52.498,44.7,-22.22,-10.8,-12.02,0.34,3.332,0,0,0,0,0
2025-08-26 16:41:52.549,44.7,-22.22,-10.8,-12.02,0.34,3.332,0,0,0,0,0
2025-08-26 16:41:52.600,44.7,-22.22,-10.8,-12.02,0.34,3.332,0,0,0,0,0
2025-08-26 16:41:52.650,44.7,-22.22,-10.8,-12.01,0.33,3.234,0,0,0,0,0
2025-08-26 16:41:52.700,44.7,-22.22,-10.8,-12.01,0.33,3.234,0,0,0,0,0
2025-08-26 16:41:52.751,44.7,-22.22,-10.8,-12.01,0.33,3.234,0,0,0,0,0
2025-08-26 16:41:52.801,44.7,-22.22,-10.8,-12.01,0.33,3.234,0,0,0,0,0
2025-08-26 16:41:52.851,44.7,-22.22,-10.8,-12.01,0.33,3.234,0,0,0,0,0
2025-08-26 16:41:52.902,44.7,-22.22,-10.8,-12.01,0.33,3.234,0,0,0,0,0
2025-08-26 16:41:52.952,44.7,-22.22,-10.8,-12.01,0.33,3.234,0,0,0,0,0
2025-08-26 16:41:53.002,44.7,-22.22,-10.8,-12.01,0.33,3.234,0,0,0,0,0
2025-08-26 16:41:53.053,44.7,-22.22,-10.8,-12.01,0.33,3.234,0,0,0,0,0
2025-08-26 16:41:53.103,44.69,-22.22,-10.8,-12.01,0.34,3.332,0,0,0,0,0
2025-08-26 16:41:53.154,44.69,-22.22,-10.8,-12.01,0.34,3.332,0,0,0,0,0
2025-08-26 16:41:53.204,44.69,-22.22,-10.8,-12.01,0.34,3.332,0,0,0,0,0
2025-08-26 16:41:53.254,44.69,-22.22,-10.8,-12.01,0.34,3.332,0,0,0,0,0
2025-08-26 16:41:53.305,44.69,-22.22,-10.8,-12.01,0.34,3.332,0,0,0,0,0
2025-08-26 16:41:53.355,44.69,-22.21,-10.8,-12.02,0.34,3.332,0,0,0,0,0
2025-08-26 16:41:53.405,44.69,-22.21,-10.8,-12.02,0.34,3.332,0,0,0,0,0
2025-08-26 16:41:53.456,44.69,-22.21,-10.8,-12.02,0.34,3.332,0,0,0,0,0
2025-08-26 16:41:53.506,44.69,-22.21,-10.8,-12.02,0.34,3.332,0,0,0,0,0
2025-08-26 16:41:53.557,44.69,-22.21,-10.8,-12.02,0.34,3.332,0,0,0,0,0
2025-08-26 16:41:53.607,44.69,-22.21,-10.8,-12.02,0.34,3.332,0,0,0,0,0
2025-08-26 16:41:53.657,44.69,-22.21,-10.8,-12.02,0.34,3.332,0,0,0,0,0
2025-08-26 16:41:53.707,44.69,-22.21,-10.8,-12.02,0.34,3.332,0,0,0,0,0
2025-08-26 16:41:53.758,44.69,-22.21,-10.8,-12.02,0.34,3.332,0,0,0,0,0
2025-08-26 16:41:53.808,44.69,-22.21,-10.8,-12.02,0.34,3.332,0,0,0,0,0
2025-08-26 16:41:53.858,44.69,-22.21,-10.8,-12.02,0.34,3.332,0,0,0,0,0
2025-08-26 16:41:53.909,44.69,-22.21,-10.8,-12.02,0.34,3.332,0,0,0,0,0
2025-08-26 16:41:53.962,44.69,-22.21,-10.8,-12.02,0.34,3.332,0,0,0,0,0
2025-08-26 16:41:54.014,44.69,-22.23,-10.8,-12.02,0.36,3.528,0,0,0,0,0
2025-08-26 16:41:54.064,44.69,-22.23,-10.8,-12.02,0.36,3.528,0,0,0,0,0
2025-08-26 16:41:54.114,44.69,-22.23,-10.8,-12.02,0.36,3.528,0,0,0,0,0
2025-08-26 16:41:54.170,44.69,-22.23,-10.8,-12.02,0.36,3.528,0,0,0,0,0
2025-08-26 16:41:54.220,44.69,-22.23,-10.8,-12.02,0.36,3.528,0,0,0,0,0
2025-08-26 16:41:54.270,44.69,-22.23,-10.8,-12.02,0.36,3.528,0,0,0,0,0
2025-08-26 16:41:54.320,44.69,-22.23,-10.8,-12.02,0.36,3.528,0,0,0,0,0
2025-08-26 16:41:54.371,44.69,-22.23,-10.8,-12.02,0.36,3.528,0,0,0,0,0
2025-08-26 16:41:54.421,44.69,-22.23,-10.8,-12.02,0.36,3.528,0,0,0,0,0
2025-08-26 16:41:54.471,44.69,-22.23,-10.8,-12.02,0.36,3.528,0,0,0,0,0
2025-08-26 16:41:54.521,44.69,-22.23,-10.8,-12.02,0.36,3.528,0,0,0,0,0
2025-08-26 16:41:54.572,44.69,-22.23,-10.8,-12.02,0.36,3.528,0,0,0,0,0
2025-08-26 16:41:54.622,44.69,-22.23,-10.8,-12.02,0.36,3.528,0,0,0,0,0
2025-08-26 16:41:54.672,44.69,-22.23,-10.8,-12.02,0.36,3.528,0,0,0,0,0
2025-08-26 16:41:54.723,44.69,-22.22,-10.8,-12.01,0.34,3.332,0,0,0,0,0
2025-08-26 16:41:54.773,44.69,-22.22,-10.8,-12.01,0.34,3.332,0,0,0,0,0
2025-08-26 16:41:54.823,44.69,-22.22,-10.8,-12.01,0.34,3.332,0,0,0,0,0
2025-08-26 16:41:54.874,44.69,-22.22,-10.79,-12.01,0.33,3.234,0,0,0,0,0
2025-08-26 16:41:54.924,44.69,-22.22,-10.79,-12.01,0.33,3.234,0,0,0,0,0
2025-08-26 16:41:54.974,44.69,-22.22,-10.79,-12.01,0.33,3.234,0,0,0,0,0
2025-08-26 16:41:55.025,44.69,-22.22,-10.79,-12.01,0.33,3.234,0,0,0,0,0
2025-08-26 16:41:55.075,44.69,-22.22,-10.79,-12.01,0.33,3.234,0,0,0,0,0
2025-08-26 16:41:55.125,44.69,-22.22,-10.79,-12.01,0.33,3.234,0,0,0,0,0
2025-08-26 16:41:55.176,44.69,-22.22,-10.79,-12.01,0.33,3.234,0,0,0,0,0
2025-08-26 16:41:55.226,44.69,-22.22,-10.79,-12.01,0.33,3.234,0,0,0,0,0
2025-08-26 16:41:55.277,44.69,-22.22,-10.79,-12.01,0.33,3.234,0,0,0,0,0
2025-08-26 16:41:55.327,44.69,-22.22,-10.79,-12.01,0.33,3.234,0,0,0,0,0
2025-08-26 16:41:55.377,44.69,-22.21,-10.79,-12.01,0.32,3.136,0,0,0,0,0
2025-08-26 16:41:55.428,44.69,-22.21,-10.79,-12.01,0.32,3.136,0,0,0,0,0
2025-08-26 16:41:55.478,44.69,-22.21,-10.79,-12.01,0.32,3.136,0,0,0,0,0
2025-08-26 16:41:55.528,44.69,-22.21,-10.79,-12.01,0.32,3.136,0,0,0,0,0
2025-08-26 16:41:55.578,44.69,-22.21,-10.79,-12.01,0.32,3.136,0,0,0,0,0
2025-08-26 16:41:55.629,44.69,-22.21,-10.79,-12.01,0.32,3.136,0,0,0,0,0
2025-08-26 16:41:55.679,44.69,-22.21,-10.79,-12.01,0.32,3.136,0,0,0,0,0
2025-08-26 16:41:55.729,44.69,-22.21,-10.79,-12.01,0.32,3.136,0,0,0,0,0
2025-08-26 16:41:55.780,44.69,-22.21,-10.79,-12.01,0.32,3.136,0,0,0,0,0
2025-08-26 16:41:55.830,44.69,-22.21,-10.79,-12.01,0.32,3.136,0,0,0,0,0
2025-08-26 16:41:55.880,44.69,-22.21,-10.79,-12.01,0.32,3.136,0,0,0,0,0
2025-08-26 16:41:55.930,44.69,-22.21,-10.79,-12.01,0.32,3.136,0,0,0,0,0
2025-08-26 16:41:55.981,44.69,-22.21,-10.79,-12.01,0.32,3.136,0,0,0,0,0
2025-08-26 16:41:56.031,44.69,-22.21,-10.79,-12.01,0.32,3.136,0,0,0,0,0
2025-08-26 16:41:56.081,44.69,-22.21,-10.79,-12.01,0.32,3.136,0,0,0,0,0
2025-08-26 16:41:56.132,44.69,-22.21,-10.79,-12.02,0.33,3.234,0,0,0,0,0
2025-08-26 16:41:56.182,44.69,-22.21,-10.79,-12.02,0.33,3.234,0,0,0,0,0
2025-08-26 16:41:56.232,44.69,-22.21,-10.79,-12.02,0.33,3.234,0,0,0,0,0
2025-08-26 16:41:56.283,44.69,-22.21,-10.79,-12.02,0.33,3.234,0,0,0,0,0
2025-08-26 16:41:56.333,44.69,-22.21,-10.79,-12.02,0.33,3.234,0,0,0,0,0
2025-08-26 16:41:56.383,44.69,-22.21,-10.79,-12.02,0.33,3.234,0,0,0,0,0
2025-08-26 16:41:56.433,44.69,-22.21,-10.79,-12.02,0.33,3.234,0,0,0,0,0
2025-08-26 16:41:56.484,44.69,-22.21,-10.79,-12.02,0.33,3.234,0,0,0,0,0
2025-08-26 16:41:56.534,44.69,-22.21,-10.79,-12.02,0.33,3.234,0,0,0,0,0
2025-08-26 16:41:56.584,44.69,-22.21,-10.79,-12.02,0.33,3.234,0,0,0,0,0
2025-08-26 16:41:56.634,44.69,-22.21,-10.79,-12.02,0.33,3.234,0,0,0,0,0
2025-08-26 16:41:56.690,44.69,-22.21,-10.79,-12.02,0.33,3.234,0,0,0,0,0
2025-08-26 16:41:56.744,44.69,-22.21,-10.79,-12.02,0.33,3.234,0,0,0,0,0
2025-08-26 16:41:56.795,44.69,-22.22,-10.79,-12.02,0.34,3.332,0,0,0,0,0
2025-08-26 16:41:56.845,44.69,-22.22,-10.79,-12.01,0.33,3.234,0,0,0,0,0
2025-08-26 16:41:56.895,44.69,-22.22,-10.79,-12.01,0.33,3.234,0,0,0,0,0
2025-08-26 16:41:56.946,44.69,-22.22,-10.79,-12.01,0.33,3.234,0,0,0,0,0
2025-08-26 16:41:56.996,44.69,-22.22,-10.79,-12.01,0.33,3.234,0,0,0,0,0
2025-08-26 16:41:57.046,44.69,-22.22,-10.79,-12.01,0.33,3.234,0,0,0,0,0
2025-08-26 16:41:57.097,44.69,-22.22,-10.79,-12.01,0.33,3.234,0,0,0,0,0
2025-08-26 16:41:57.147,44.69,-22.22,-10.79,-12.01,0.33,3.234,0,0,0,0,0
2025-08-26 16:41:57.197,44.69,-22.22,-10.79,-12.01,0.33,3.234,0,0,0,0,0
2025-08-26 16:41:57.247,44.69,-22.22,-10.79,-12.01,0.33,3.234,0,0,0,0,0
2025-08-26 16:41:57.298,44.69,-22.22,-10.79,-12.01,0.33,3.234,0,0,0,0,0
2025-08-26 16:41:57.348,44.69,-22.22,-10.79,-12.01,0.33,3.234,0,0,0,0,0
2025-08-26 16:41:57.398,44.69,-22.22,-10.79,-12.01,0.33,3.234,0,0,0,0,0
2025-08-26 16:41:57.454,44.69,-22.22,-10.79,-12.01,0.33,3.234,0,0,0,0,0
2025-08-26 16:41:57.504,44.69,-22.22,-10.79,-12.02,0.34,3.332,0,0,0,0,0
2025-08-26 16:41:57.554,44.69,-22.22,-10.79,-12.02,0.34,3.332,0,0,0,0,0
2025-08-26 16:41:57.605,44.69,-22.22,-10.79,-12.02,0.34,3.332,0,0,0,0,0
2025-08-26 16:41:57.655,44.69,-22.22,-10.79,-12.02,0.34,3.332,0,0,0,0,0
2025-08-26 16:41:57.705,44.69,-22.22,-10.79,-12.02,0.34,3.332,0,0,0,0,0
2025-08-26 16:41:57.755,44.69,-22.22,-10.79,-12.02,0.34,3.332,0,0,0,0,0
2025-08-26 16:41:57.806,44.69,-22.22,-10.79,-12.02,0.34,3.332,0,0,0,0,0
2025-08-26 16:41:57.856,44.69,-22.22,-10.79,-12.02,0.34,3.332,0,0,0,0,0
2025-08-26 16:41:57.906,44.69,-22.22,-10.79,-12.02,0.34,3.332,0,0,0,0,0
2025-08-26 16:41:57.957,44.69,-22.22,-10.79,-12.02,0.34,3.332,0,0,0,0,0
2025-08-26 16:41:58.007,44.69,-22.22,-10.79,-12.02,0.34,3.332,0,0,0,0,0
2025-08-26 16:41:58.057,44.69,-22.22,-10.79,-12.02,0.34,3.332,0,0,0,0,0
2025-08-26 16:41:58.110,44.69,-22.22,-10.79,-12.02,0.34,3.332,0,0,0,0,0
2025-08-26 16:41:58.160,44.69,-22.21,-10.79,-12.02,0.33,3.234,0,0,0,0,0
2025-08-26 16:41:58.210,44.69,-22.21,-10.79,-12.02,0.33,3.234,0,0,0,0,0
2025-08-26 16:41:58.261,44.69,-22.21,-10.79,-12.02,0.33,3.234,0,0,0,0,0
2025-08-26 16:41:58.311,44.69,-22.21,-10.79,-12.02,0.33,3.234,0,0,0,0,0
2025-08-26 16:41:58.361,44.69,-22.21,-10.79,-12.02,0.33,3.234,0,0,0,0,0
2025-08-26 16:41:58.411,44.69,-22.21,-10.79,-12.02,0.33,3.234,0,0,0,0,0
2025-08-26 16:41:58.462,44.69,-22.21,-10.79,-12.02,0.33,3.234,0,0,0,0,0
2025-08-26 16:41:58.512,44.69,-22.21,-10.79,-12.02,0.33,3.234,0,0,0,0,0
2025-08-26 16:41:58.562,44.69,-22.21,-10.79,-12.02,0.33,3.234,0,0,0,0,0
2025-08-26 16:41:58.612,44.69,-22.21,-10.79,-12.02,0.33,3.234,0,0,0,0,0
2025-08-26 16:41:58.663,44.69,-22.21,-10.79,-12.02,0.33,3.234,0,0,0,0,0
2025-08-26 16:41:58.713,44.69,-22.21,-10.79,-12.02,0.33,3.234,0,0,0,0,0
2025-08-26 16:41:58.764,44.69,-22.21,-10.79,-12.02,0.33,3.234,0,0,0,0,0
2025-08-26 16:41:58.814,44.69,-22.21,-10.79,-12.02,0.33,3.234,0,0,0,0,0
2025-08-26 16:41:58.864,44.69,-22.21,-10.79,-12.02,0.33,3.234,0,0,0,0,0
2025-08-26 16:41:58.914,44.69,-22.21,-10.79,-12.02,0.33,3.234,0,0,0,0,0
2025-08-26 16:41:58.965,44.69,-22.21,-10.79,-12.02,0.33,3.234,0,0,0,0,0
2025-08-26 16:41:59.015,44.69,-22.21,-10.79,-12.02,0.33,3.234,0,0,0,0,0
2025-08-26 16:41:59.065,44.69,-22.21,-10.79,-12.02,0.33,3.234,0,0,0,0,0
2025-08-26 16:41:59.116,44.69,-22.21,-10.79,-12.02,0.33,3.234,0,0,0,0,0
2025-08-26 16:41:59.166,44.69,-22.21,-10.79,-12.02,0.33,3.234,0,0,0,0,0
2025-08-26 16:41:59.216,44.69,-22.21,-10.79,-12.02,0.33,3.234,0,0,0,0,0
2025-08-26 16:41:59.266,44.69,-22.21,-10.79,-12.02,0.33,3.234,0,0,0,0,0
2025-08-26 16:41:59.317,44.69,-22.21,-10.79,-12.02,0.33,3.234,0,0,0,0,0
2025-08-26 16:41:59.367,44.69,-22.21,-10.79,-12.02,0.33,3.234,0,0,0,0,0
2025-08-26 16:41:59.417,44.69,-22.21,-10.79,-12.02,0.33,3.234,0,0,0,0,0
2025-08-26 16:41:59.468,44.69,-22.21,-10.79,-12.02,0.33,3.234,0,0,0,0,0
2025-08-26 16:41:59.518,44.69,-22.22,-10.79,-12.02,0.34,3.332,0,0,0,0,0
2025-08-26 16:41:59.568,44.69,-22.22,-10.79,-12.02,0.34,3.332,0,0,0,0,0
2025-08-26 16:41:59.618,44.69,-22.22,-10.79,-12.01,0.33,3.234,0,0,0,0,0
2025-08-26 16:41:59.669,44.69,-22.22,-10.79,-12.01,0.33,3.234,0,0,0,0,0
2025-08-26 16:41:59.719,44.69,-22.22,-10.79,-12.01,0.33,3.234,0,0,0,0,0
2025-08-26 16:41:59.769,44.69,-22.22,-10.79,-12.01,0.33,3.234,0,0,0,0,0
2025-08-26 16:41:59.820,44.69,-22.22,-10.79,-12.01,0.33,3.234,0,0,0,0,0
2025-08-26 16:41:59.870,44.69,-22.22,-10.79,-12.01,0.33,3.234,0,0,0,0,0
2025-08-26 16:41:59.920,44.69,-22.22,-10.79,-12.01,0.33,3.234,0,0,0,0,0
2025-08-26 16:41:59.970,44.69,-22.22,-10.79,-12.01,0.33,3.234,0,0,0,0,0
2025-08-26 16:42:00.021,44.69,-22.22,-10.79,-12.01,0.33,3.234,0,0,0,0,0
2025-08-26 16:42:00.071,44.69,-22.22,-10.79,-12.01,0.33,3.234,0,0,0,0,0
2025-08-26 16:42:00.121,44.69,-22.22,-10.79,-12.01,0.33,3.234,0,0,0,0,0
2025-08-26 16:42:00.171,44.69,-22.22,-10.79,-12.01,0.33,3.234,0,0,0,0,0
2025-08-26 16:42:00.222,44.69,-22.22,-10.79,-12.01,0.33,3.234,0,0,0,0,0
2025-08-26 16:42:00.272,44.69,-22.22,-10.79,-12.01,0.33,3.234,0,0,0,0,0
2025-08-26 16:42:00.323,44.69,-22.22,-10.79,-12.02,0.34,3.332,0,0,0,0,0
2025-08-26 16:42:00.373,44.69,-22.22,-10.79,-12.02,0.34,3.332,0,0,0,0,0
2025-08-26 16:42:00.423,44.69,-22.22,-10.79,-12.02,0.34,3.332,0,0,0,0,0
2025-08-26 16:42:00.474,44.69,-22.22,-10.79,-12.02,0.34,3.332,0,0,0,0,0
2025-08-26 16:42:00.524,44.69,-22.22,-10.79,-12.02,0.34,3.332,0,0,0,0,0
2025-08-26 16:42:00.574,44.69,-22.22,-10.79,-12.02,0.34,3.332,0,0,0,0,0
2025-08-26 16:42:00.625,44.69,-22.22,-10.79,-12.02,0.34,3.332,0,0,0,0,0
2025-08-26 16:42:00.675,44.69,-22.22,-10.79,-12.02,0.34,3.332,0,0,0,0,0
2025-08-26 16:42:00.725,44.69,-22.22,-10.79,-12.02,0.34,3.332,0,0,0,0,0
2025-08-26 16:42:00.776,44.69,-22.22,-10.79,-12.02,0.34,3.332,0,0,0,0,0
2025-08-26 16:42:00.826,44.69,-22.22,-10.79,-12.02,0.34,3.332,0,0,0,0,0
2025-08-26 16:42:00.876,44.69,-22.22,-10.79,-12.02,0.34,3.332,0,0,0,0,0
2025-08-26 16:42:00.927,44.69,-22.23,-10.79,-12.02,0.35,3.43,0,0,0,0,0
2025-08-26 16:42:00.977,44.69,-22.23,-10.79,-12.02,0.35,3.43,0,0,0,0,0
2025-08-26 16:42:01.027,44.69,-22.23,-10.79,-12.02,0.35,3.43,0,0,0,0,0
2025-08-26 16:42:01.078,44.69,-22.23,-10.79,-12.02,0.35,3.43,0,0,0,0,0
2025-08-26 16:42:01.128,44.69,-22.23,-10.79,-12.02,0.35,3.43,0,0,0,0,0
2025-08-26 16:42:01.178,44.69,-22.23,-10.79,-12.02,0.35,3.43,0,0,0,0,0
2025-08-26 16:42:01.228,44.69,-22.23,-10.79,-12.02,0.35,3.43,0,0,0,0,0
2025-08-26 16:42:01.279,44.69,-22.23,-10.79,-12.02,0.35,3.43,0,0,0,0,0
2025-08-26 16:42:01.329,44.69,-22.23,-10.79,-12.02,0.35,3.43,0,0,0,0,0
2025-08-26 16:42:01.379,44.69,-22.23,-10.79,-12.02,0.35,3.43,0,0,0,0,0
2025-08-26 16:42:01.430,44.69,-22.23,-10.79,-12.02,0.35,3.43,0,0,0,0,0
2025-08-26 16:42:01.480,44.69,-22.23,-10.79,-12.02,0.35,3.43,0,0,0,0,0
2025-08-26 16:42:01.531,44.69,-22.23,-10.79,-12.02,0.35,3.43,0,0,0,0,0
2025-08-26 16:42:01.581,44.69,-22.21,-10.79,-12.02,0.33,3.234,0,0,0,0,0
2025-08-26 16:42:01.631,44.69,-22.21,-10.79,-12.02,0.33,3.234,0,0,0,0,0
2025-08-26 16:42:01.682,44.69,-22.21,-10.79,-12.02,0.33,3.234,0,0,0,0,0
2025-08-26 16:42:01.732,44.69,-22.21,-10.79,-12.01,0.32,3.136,0,0,0,0,0
2025-08-26 16:42:01.782,44.69,-22.21,-10.79,-12.01,0.32,3.136,0,0,0,0,0
2025-08-26 16:42:01.832,44.69,-22.21,-10.79,-12.01,0.32,3.136,0,0,0,0,0
2025-08-26 16:42:01.883,44.69,-22.21,-10.79,-12.01,0.32,3.136,0,0,0,0,0
2025-08-26 16:42:01.933,44.69,-22.21,-10.79,-12.01,0.32,3.136,0,0,0,0,0
2025-08-26 16:42:01.984,44.69,-22.21,-10.79,-12.01,0.32,3.136,0,0,0,0,0
2025-08-26 16:42:02.034,44.69,-22.21,-10.79,-12.01,0.32,3.136,0,0,0,0,0
2025-08-26 16:42:02.084,44.69,-22.21,-10.79,-12.01,0.32,3.136,0,0,0,0,0
2025-08-26 16:42:02.135,44.69,-22.21,-10.79,-12.01,0.32,3.136,0,0,0,0,0
2025-08-26 16:42:02.186,44.69,-22.21,-10.79,-12.01,0.32,3.136,0,0,0,0,0
2025-08-26 16:42:02.236,44.69,-22.21,-10.79,-12.01,0.32,3.136,0,0,0,0,0
2025-08-26 16:42:02.286,44.69,-22.21,-10.79,-12.01,0.32,3.136,0,0,0,0,0
2025-08-26 16:42:02.337,44.69,-22.21,-10.79,-12.01,0.32,3.136,0,0,0,0,0
2025-08-26 16:42:02.387,44.69,-22.21,-10.79,-12.01,0.32,3.136,0,0,0,0,0
2025-08-26 16:42:02.438,44.69,-22.21,-10.79,-12.02,0.33,3.234,0,0,0,0,0
2025-08-26 16:42:02.488,44.69,-22.21,-10.79,-12.02,0.33,3.234,0,0,0,0,0
2025-08-26 16:42:02.538,44.69,-22.21,-10.79,-12.02,0.33,3.234,0,0,0,0,0
2025-08-26 16:42:02.589,44.69,-22.21,-10.79,-12.02,0.33,3.234,0,0,0,0,0
2025-08-26 16:42:02.639,44.69,-22.21,-10.79,-12.02,0.33,3.234,0,0,0,0,0
2025-08-26 16:42:02.689,44.69,-22.21,-10.79,-12.02,0.33,3.234,0,0,0,0,0
2025-08-26 16:42:02.739,44.69,-22.21,-10.79,-12.02,0.33,3.234,0,0,0,0,0
2025-08-26 16:42:02.790,44.69,-22.21,-10.79,-12.02,0.33,3.234,0,0,0,0,0
2025-08-26 16:42:02.840,44.69,-22.21,-10.79,-12.02,0.33,3.234,0,0,0,0,0
2025-08-26 16:42:02.891,44.69,-22.21,-10.79,-12.02,0.33,3.234,0,0,0,0,0
2025-08-26 16:42:02.941,44.69,-22.21,-10.79,-12.02,0.33,3.234,0,0,0,0,0
2025-08-26 16:42:02.991,44.69,-22.22,-10.79,-12.02,0.34,3.332,0,0,0,0,0
2025-08-26 16:42:03.041,44.69,-22.22,-10.79,-12.02,0.34,3.332,0,0,0,0,0
2025-08-26 16:42:03.092,44.69,-22.22,-10.79,-12.02,0.34,3.332,0,0,0,0,0
2025-08-26 16:42:03.142,44.69,-22.22,-10.79,-12.03,0.35,3.43,0,0,0,0,0
2025-08-26 16:42:03.192,44.69,-22.22,-10.79,-12.03,0.35,3.43,0,0,0,0,0
2025-08-26 16:42:03.243,44.69,-22.22,-10.79,-12.03,0.35,3.43,0,0,0,0,0
2025-08-26 16:42:03.293,44.69,-22.22,-10.79,-12.03,0.35,3.43,0,0,0,0,0
2025-08-26 16:42:03.343,44.69,-22.22,-10.79,-12.03,0.35,3.43,0,0,0,0,0
2025-08-26 16:42:03.393,44.69,-22.22,-10.79,-12.03,0.35,3.43,0,0,0,0,0
2025-08-26 16:42:03.444,44.69,-22.22,-10.79,-12.03,0.35,3.43,0,0,0,0,0
2025-08-26 16:42:03.494,44.69,-22.22,-10.79,-12.03,0.35,3.43,0,0,0,0,0
2025-08-26 16:42:03.544,44.69,-22.22,-10.79,-12.03,0.35,3.43,0,0,0,0,0
2025-08-26 16:42:03.595,44.69,-22.22,-10.79,-12.03,0.35,3.43,0,0,0,0,0
2025-08-26 16:42:03.645,44.69,-22.21,-10.79,-12.03,0.34,3.332,0,0,0,0,0
2025-08-26 16:42:03.695,44.69,-22.21,-10.79,-12.03,0.34,3.332,0,0,0,0,0
2025-08-26 16:42:03.746,44.69,-22.21,-10.79,-12.03,0.34,3.332,0,0,0,0,0
2025-08-26 16:42:03.796,44.69,-22.21,-10.79,-12.03,0.34,3.332,0,0,0,0,0
2025-08-26 16:42:03.847,44.69,-22.21,-10.79,-12.03,0.34,3.332,0,0,0,0,0
2025-08-26 16:42:03.897,44.69,-22.21,-10.79,-12.03,0.34,3.332,0,0,0,0,0
2025-08-26 16:42:03.947,44.69,-22.21,-10.79,-12.03,0.34,3.332,0,0,0,0,0
2025-08-26 16:42:03.998,44.69,-22.21,-10.79,-12.03,0.34,3.332,0,0,0,0,0
2025-08-26 16:42:04.048,44.69,-22.21,-10.79,-12.03,0.34,3.332,0,0,0,0,0
2025-08-26 16:42:04.098,44.69,-22.21,-10.79,-12.03,0.34,3.332,0,0,0,0,0
2025-08-26 16:42:04.148,44.69,-22.21,-10.79,-12.03,0.34,3.332,0,0,0,0,0
2025-08-26 16:42:04.199,44.69,-22.21,-10.79,-12.03,0.34,3.332,0,0,0,0,0
2025-08-26 16:42:04.249,44.69,-22.21,-10.79,-12.03,0.34,3.332,0,0,0,0,0
2025-08-26 16:42:04.299,44.69,-22.21,-10.79,-12.03,0.34,3.332,0,0,0,0,0
2025-08-26 16:42:04.350,44.69,-22.21,-10.79,-12.03,0.34,3.332,0,0,0,0,0
2025-08-26 16:42:04.400,44.69,-22.21,-10.79,-12.03,0.34,3.332,0,0,0,0,0
2025-08-26 16:42:04.450,44.69,-22.21,-10.79,-12.03,0.34,3.332,0,0,0,0,0
2025-08-26 16:42:04.501,44.69,-22.21,-10.79,-12.03,0.34,3.332,0,0,0,0,0
2025-08-26 16:42:04.551,44.69,-22.21,-10.79,-12.03,0.34,3.332,0,0,0,0,0
2025-08-26 16:42:04.601,44.69,-22.21,-10.79,-12.03,0.34,3.332,0,0,0,0,0
2025-08-26 16:42:04.652,44.69,-22.21,-10.79,-12.03,0.34,3.332,0,0,0,0,0
2025-08-26 16:42:04.702,44.69,-22.21,-10.79,-12.03,0.34,3.332,0,0,0,0,0
2025-08-26 16:42:04.752,44.69,-22.21,-10.79,-12.03,0.34,3.332,0,0,0,0,0
2025-08-26 16:42:04.803,44.69,-22.21,-10.79,-12.03,0.34,3.332,0,0,0,0,0
2025-08-26 16:42:04.854,44.69,-22.21,-10.79,-12.03,0.34,3.332,0,0,0,0,0
2025-08-26 16:42:04.904,44.69,-22.21,-10.79,-12.03,0.34,3.332,0,0,0,0,0
2025-08-26 16:42:04.954,44.69,-22.21,-10.79,-12.03,0.34,3.332,0,0,0,0,0
2025-08-26 16:42:05.005,44.69,-22.21,-10.79,-12.03,0.34,3.332,0,0,0,0,0
2025-08-26 16:42:05.055,44.69,-22.22,-10.79,-12.03,0.35,3.43,0,0,0,0,0
2025-08-26 16:42:05.105,44.69,-22.22,-10.79,-12.03,0.35,3.43,0,0,0,0,0
2025-08-26 16:42:05.156,44.69,-22.22,-10.79,-12.03,0.35,3.43,0,0,0,0,0
2025-08-26 16:42:05.206,44.69,-22.22,-10.79,-12.03,0.35,3.43,0,0,0,0,0
2025-08-26 16:42:05.256,44.69,-22.22,-10.79,-12.03,0.35,3.43,0,0,0,0,0
2025-08-26 16:42:05.307,44.69,-22.22,-10.79,-12.03,0.35,3.43,0,0,0,0,0
2025-08-26 16:42:05.357,44.69,-22.22,-10.79,-12.03,0.35,3.43,0,0,0,0,0
2025-08-26 16:42:05.407,44.69,-22.22,-10.79,-12.03,0.35,3.43,0,0,0,0,0
2025-08-26 16:42:05.458,44.69,-22.22,-10.79,-12.03,0.35,3.43,0,0,0,0,0
2025-08-26 16:42:05.508,44.69,-22.22,-10.79,-12.03,0.35,3.43,0,0,0,0,0
2025-08-26 16:42:05.559,44.69,-22.22,-10.79,-12.03,0.35,3.43,0,0,0,0,0
2025-08-26 16:42:05.609,44.69,-22.22,-10.79,-12.03,0.35,3.43,0,0,0,0,0
2025-08-26 16:42:05.660,44.69,-22.22,-10.79,-12.03,0.35,3.43,0,0,0,0,0
2025-08-26 16:42:05.710,44.69,-22.22,-10.79,-12.03,0.35,3.43,0,0,0,0,0
2025-08-26 16:42:05.760,44.69,-22.22,-10.79,-12.03,0.35,3.43,0,0,0,0,0
2025-08-26 16:42:05.811,44.69,-22.22,-10.79,-12.03,0.35,3.43,0,0,0,0,0
2025-08-26 16:42:05.861,44.69,-22.22,-10.79,-12.03,0.35,3.43,0,0,0,0,0
2025-08-26 16:42:05.911,44.69,-22.22,-10.79,-12.03,0.35,3.43,0,0,0,0,0
2025-08-26 16:42:05.963,44.69,-22.22,-10.79,-12.03,0.35,3.43,0,0,0,0,0
2025-08-26 16:42:06.013,44.69,-22.22,-10.79,-12.03,0.35,3.43,0,0,0,0,0
2025-08-26 16:42:06.064,44.69,-22.22,-10.79,-12.03,0.35,3.43,0,0,0,0,0
2025-08-26 16:42:06.114,44.69,-22.22,-10.79,-12.03,0.35,3.43,0,0,0,0,0
2025-08-26 16:42:06.164,44.69,-22.21,-10.79,-12.03,0.34,3.332,0,0,0,0,0
2025-08-26 16:42:06.214,44.69,-22.21,-10.79,-12.03,0.34,3.332,0,0,0,0,0
2025-08-26 16:42:06.265,44.69,-22.21,-10.79,-12.03,0.34,3.332,0,0,0,0,0
2025-08-26 16:42:06.315,44.69,-22.21,-10.79,-12.03,0.34,3.332,0,0,0,0,0
2025-08-26 16:42:06.365,44.69,-22.21,-10.79,-12.03,0.34,3.332,0,0,0,0,0
2025-08-26 16:42:06.416,44.69,-22.21,-10.79,-12.03,0.34,3.332,0,0,0,0,0
2025-08-26 16:42:06.466,44.69,-22.21,-10.79,-12.03,0.34,3.332,0,0,0,0,0
2025-08-26 16:42:06.516,44.69,-22.21,-10.79,-12.03,0.34,3.332,0,0,0,0,0
2025-08-26 16:42:06.566,44.69,-22.21,-10.79,-12.03,0.34,3.332,0,0,0,0,0
2025-08-26 16:42:06.617,44.69,-22.21,-10.79,-12.03,0.34,3.332,0,0,0,0,0
2025-08-26 16:42:06.667,44.69,-22.21,-10.79,-12.03,0.34,3.332,0,0,0,0,0
2025-08-26 16:42:06.717,44.69,-22.21,-10.79,-12.03,0.34,3.332,0,0,0,0,0
2025-08-26 16:42:06.768,44.69,-22.21,-10.79,-12.03,0.34,3.332,0,0,0,0,0
2025-08-26 16:42:06.818,44.69,-22.21,-10.79,-12.03,0.34,3.332,0,0,0,0,0
2025-08-26 16:42:06.868,44.69,-22.22,-10.79,-12.03,0.35,3.43,0,0,0,0,0
2025-08-26 16:42:06.919,44.69,-22.22,-10.79,-12.03,0.35,3.43,0,0,0,0,0
2025-08-26 16:42:06.969,44.69,-22.22,-10.79,-12.03,0.35,3.43,0,0,0,0,0
2025-08-26 16:42:07.019,44.69,-22.22,-10.79,-12.03,0.35,3.43,0,0,0,0,0
2025-08-26 16:42:07.070,44.69,-22.22,-10.79,-12.03,0.35,3.43,0,0,0,0,0
2025-08-26 16:42:07.120,44.69,-22.22,-10.79,-12.03,0.35,3.43,0,0,0,0,0
2025-08-26 16:42:07.170,44.69,-22.22,-10.79,-12.03,0.35,3.43,0,0,0,0,0
2025-08-26 16:42:07.221,44.69,-22.22,-10.79,-12.03,0.35,3.43,0,0,0,0,0
2025-08-26 16:42:07.271,44.69,-22.22,-10.79,-12.03,0.35,3.43,0,0,0,0,0
2025-08-26 16:42:07.321,44.69,-22.22,-10.79,-12.03,0.35,3.43,0,0,0,0,0
2025-08-26 16:42:07.372,44.69,-22.22,-10.79,-12.03,0.35,3.43,0,0,0,0,0
2025-08-26 16:42:07.422,44.69,-22.22,-10.79,-12.03,0.35,3.43,0,0,0,0,0
2025-08-26 16:42:07.472,44.69,-22.22,-10.79,-12.03,0.35,3.43,0,0,0,0,0
2025-08-26 16:42:07.523,44.69,-22.21,-10.79,-11.99,0.3,2.94,0,0,0,0,0
2025-08-26 16:42:07.573,44.69,-22.21,-10.79,-11.99,0.3,2.94,0,0,0,0,0
2025-08-26 16:42:07.623,44.69,-22.21,-10.79,-11.99,0.3,2.94,0,0,0,0,0
2025-08-26 16:42:07.674,44.68,-22.21,-10.79,-11.99,0.31,3.038,0,0,0,0,0
2025-08-26 16:42:07.724,44.68,-22.21,-10.79,-11.99,0.31,3.038,0,0,0,0,0
2025-08-26 16:42:07.774,44.68,-22.21,-10.79,-11.99,0.31,3.038,0,0,0,0,0
2025-08-26 16:42:07.825,44.68,-22.21,-10.79,-11.99,0.31,3.038,0,0,0,0,0
2025-08-26 16:42:07.875,44.68,-22.21,-10.79,-11.99,0.31,3.038,0,0,0,0,0
2025-08-26 16:42:07.925,44.68,-22.21,-10.79,-11.99,0.31,3.038,0,0,0,0,0
2025-08-26 16:42:07.976,44.68,-22.21,-10.79,-11.99,0.31,3.038,0,0,0,0,0
2025-08-26 16:42:08.026,44.68,-22.21,-10.79,-11.99,0.31,3.038,0,0,0,0,0
2025-08-26 16:42:08.076,44.68,-22.21,-10.79,-11.99,0.31,3.038,0,0,0,0,0
2025-08-26 16:42:08.127,44.68,-22.21,-10.79,-11.99,0.31,3.038,0,0,0,0,0
2025-08-26 16:42:08.177,44.68,-22.21,-10.79,-11.99,0.31,3.038,0,0,0,0,0
2025-08-26 16:42:08.227,44.68,-22.22,-10.79,-11.99,0.32,3.136,0,0,0,0,0
2025-08-26 16:42:08.278,44.68,-22.22,-10.79,-11.99,0.32,3.136,0,0,0,0,0
2025-08-26 16:42:08.329,44.68,-22.22,-10.79,-11.99,0.32,3.136,0,0,0,0,0
2025-08-26 16:42:08.379,44.69,-22.22,-10.79,-11.99,0.31,3.038,0,0,0,0,0
2025-08-26 16:42:08.429,44.69,-22.22,-10.79,-11.99,0.31,3.038,0,0,0,0,0
2025-08-26 16:42:08.479,44.69,-22.22,-10.79,-11.99,0.31,3.038,0,0,0,0,0
2025-08-26 16:42:08.530,44.69,-22.22,-10.79,-11.99,0.31,3.038,0,0,0,0,0
2025-08-26 16:42:08.580,44.69,-22.22,-10.79,-11.99,0.31,3.038,0,0,0,0,0
2025-08-26 16:42:08.630,44.69,-22.22,-10.79,-11.99,0.31,3.038,0,0,0,0,0
2025-08-26 16:42:08.681,44.69,-22.22,-10.79,-12.05,0.37,3.626,0,0,0,0,0
2025-08-26 16:42:08.731,44.69,-22.22,-10.79,-12.05,0.37,3.626,0,0,0,0,0
2025-08-26 16:42:08.782,44.69,-22.22,-10.79,-12.05,0.37,3.626,0,0,0,0,0
2025-08-26 16:42:08.832,44.69,-22.22,-10.79,-12.05,0.37,3.626,0,0,0,0,0
2025-08-26 16:42:08.882,44.69,-22.22,-10.79,-12.05,0.37,3.626,0,0,0,0,0
2025-08-26 16:42:08.933,44.69,-22.22,-10.79,-12.05,0.37,3.626,0,0,0,0,0
2025-08-26 16:42:08.983,44.69,-22.22,-10.79,-12.05,0.37,3.626,0,0,0,0,0
2025-08-26 16:42:09.033,44.69,-22.22,-10.79,-12.05,0.37,3.626,0,0,0,0,0
2025-08-26 16:42:09.084,44.69,-22.22,-10.79,-12.05,0.37,3.626,0,0,0,0,0
2025-08-26 16:42:09.134,44.69,-22.22,-10.79,-12.05,0.37,3.626,0,0,0,0,0
2025-08-26 16:42:09.184,44.69,-22.22,-10.79,-12.05,0.37,3.626,0,0,0,0,0
2025-08-26 16:42:09.234,44.69,-22.22,-10.79,-12.05,0.37,3.626,0,0,0,0,0
2025-08-26 16:42:09.285,44.69,-22.22,-10.79,-12.05,0.37,3.626,0,0,0,0,0
2025-08-26 16:42:09.335,44.69,-22.22,-10.79,-12.02,0.34,3.332,0,0,0,0,0
2025-08-26 16:42:09.386,44.69,-22.22,-10.79,-12.02,0.34,3.332,0,0,0,0,0
2025-08-26 16:42:09.436,44.69,-22.22,-10.79,-12.02,0.34,3.332,0,0,0,0,0
2025-08-26 16:42:09.486,44.69,-22.22,-10.79,-12.02,0.34,3.332,0,0,0,0,0
2025-08-26 16:42:09.537,44.69,-22.22,-10.79,-12.02,0.34,3.332,0,0,0,0,0
2025-08-26 16:42:09.587,44.69,-22.21,-10.79,-12.02,0.33,3.234,0,0,0,0,0
2025-08-26 16:42:09.637,44.69,-22.21,-10.79,-12.02,0.33,3.234,0,0,0,0,0
2025-08-26 16:42:09.688,44.69,-22.21,-10.79,-12.02,0.33,3.234,0,0,0,0,0
2025-08-26 16:42:09.738,44.69,-22.21,-10.79,-12.02,0.33,3.234,0,0,0,0,0
2025-08-26 16:42:09.788,44.69,-22.21,-10.79,-12.02,0.33,3.234,0,0,0,0,0
2025-08-26 16:42:09.839,44.69,-22.21,-10.79,-12.02,0.33,3.234,0,0,0,0,0
2025-08-26 16:42:09.889,44.69,-22.21,-10.79,-12.02,0.33,3.234,0,0,0,0,0
2025-08-26 16:42:09.939,44.69,-22.21,-10.79,-12.02,0.33,3.234,0,0,0,0,0
2025-08-26 16:42:09.990,44.69,-22.21,-10.79,-12.02,0.33,3.234,0,0,0,0,0
2025-08-26 16:42:10.040,44.69,-22.21,-10.79,-12.02,0.33,3.234,0,0,0,0,0
2025-08-26 16:42:10.090,44.69,-22.21,-10.79,-12.02,0.33,3.234,0,0,0,0,0
2025-08-26 16:42:10.141,44.69,-22.21,-10.79,-12.02,0.33,3.234,0,0,0,0,0
2025-08-26 16:42:10.191,44.69,-22.21,-10.79,-12.02,0.33,3.234,0,0,0,0,0
2025-08-26 16:42:10.241,44.69,-22.21,-10.79,-12.02,0.33,3.234,0,0,0,0,0
2025-08-26 16:42:10.292,44.69,-22.22,-10.79,-12.02,0.34,3.332,0,0,0,0,0
2025-08-26 16:42:10.342,44.69,-22.22,-10.79,-12.02,0.34,3.332,0,0,0,0,0
2025-08-26 16:42:10.392,44.69,-22.22,-10.79,-12.02,0.34,3.332,0,0,0,0,0
2025-08-26 16:42:10.443,44.69,-22.22,-10.79,-12.02,0.34,3.332,0,0,0,0,0
2025-08-26 16:42:10.493,44.69,-22.22,-10.79,-12.02,0.34,3.332,0,0,0,0,0
2025-08-26 16:42:10.543,44.69,-22.22,-10.79,-12.02,0.34,3.332,0,0,0,0,0
2025-08-26 16:42:10.594,44.69,-22.22,-10.79,-12.02,0.34,3.332,0,0,0,0,0
2025-08-26 16:42:10.644,44.69,-22.22,-10.79,-12.02,0.34,3.332,0,0,0,0,0
2025-08-26 16:42:10.694,44.69,-22.22,-10.79,-12.02,0.34,3.332,0,0,0,0,0
2025-08-26 16:42:10.745,44.69,-22.22,-10.79,-12.01,0.33,3.234,0,0,0,0,0
2025-08-26 16:42:10.795,44.69,-22.22,-10.79,-12.01,0.33,3.234,0,0,0,0,0
2025-08-26 16:42:10.845,44.69,-22.22,-10.79,-12.01,0.33,3.234,0,0,0,0,0
2025-08-26 16:42:10.896,44.69,-22.22,-10.79,-12.01,0.33,3.234,0,0,0,0,0
2025-08-26 16:42:10.946,44.69,-22.22,-10.79,-12.01,0.33,3.234,0,0,0,0,0
2025-08-26 16:42:10.996,44.69,-22.22,-10.79,-12.01,0.33,3.234,0,0,0,0,0
2025-08-26 16:42:11.047,44.69,-22.22,-10.79,-12.01,0.33,3.234,0,0,0,0,0
2025-08-26 16:42:11.097,44.69,-22.22,-10.79,-12.01,0.33,3.234,0,0,0,0,0
2025-08-26 16:42:11.147,44.69,-22.22,-10.79,-12.01,0.33,3.234,0,0,0,0,0
2025-08-26 16:42:11.198,44.69,-22.22,-10.79,-12.01,0.33,3.234,0,0,0,0,0
2025-08-26 16:42:11.248,44.69,-22.22,-10.79,-12.01,0.33,3.234,0,0,0,0,0
2025-08-26 16:42:11.298,44.69,-22.22,-10.79,-12.01,0.33,3.234,0,0,0,0,0
2025-08-26 16:42:11.349,44.69,-22.22,-10.79,-12.01,0.33,3.234,0,0,0,0,0
2025-08-26 16:42:11.399,44.69,-22.22,-10.79,-12.01,0.33,3.234,0,0,0,0,0
2025-08-26 16:42:11.449,44.69,-22.22,-10.79,-12.02,0.34,3.332,0,0,0,0,0
2025-08-26 16:42:11.500,44.69,-22.22,-10.79,-12.02,0.34,3.332,0,0,0,0,0
2025-08-26 16:42:11.550,44.69,-22.22,-10.79,-12.02,0.34,3.332,0,0,0,0,0
2025-08-26 16:42:11.600,44.69,-22.22,-10.79,-12.02,0.34,3.332,0,0,0,0,0
2025-08-26 16:42:11.651,44.69,-22.23,-10.79,-12.02,0.35,3.43,0,0,0,0,0
2025-08-26 16:42:11.701,44.69,-22.23,-10.79,-12.02,0.35,3.43,0,0,0,0,0
2025-08-26 16:42:11.751,44.69,-22.23,-10.79,-12.02,0.35,3.43,0,0,0,0,0
2025-08-26 16:42:11.802,44.69,-22.23,-10.79,-12.02,0.35,3.43,0,0,0,0,0
2025-08-26 16:42:11.852,44.68,-22.23,-10.79,-12.02,0.36,3.528,0,0,0,0,0
2025-08-26 16:42:11.902,44.68,-22.23,-10.79,-12.02,0.36,3.528,0,0,0,0,0
2025-08-26 16:42:11.953,44.68,-22.23,-10.79,-12.02,0.36,3.528,0,0,0,0,0
2025-08-26 16:42:12.003,44.68,-22.23,-10.79,-12.02,0.36,3.528,0,0,0,0,0
2025-08-26 16:42:12.053,44.68,-22.23,-10.79,-12.02,0.36,3.528,0,0,0,0,0
2025-08-26 16:42:12.104,44.68,-22.23,-10.79,-12.02,0.36,3.528,0,0,0,0,0
2025-08-26 16:42:12.154,44.68,-22.23,-10.79,-12.01,0.35,3.43,0,0,0,0,0
2025-08-26 16:42:12.204,44.68,-22.23,-10.79,-12.01,0.35,3.43,0,0,0,0,0
2025-08-26 16:42:12.255,44.68,-22.23,-10.79,-12.01,0.35,3.43,0,0,0,0,0
2025-08-26 16:42:12.305,44.68,-22.23,-10.79,-12.01,0.35,3.43,0,0,0,0,0
2025-08-26 16:42:12.355,44.68,-22.21,-10.79,-12.01,0.33,3.234,0,0,0,0,0
2025-08-26 16:42:12.405,44.68,-22.21,-10.79,-12.01,0.33,3.234,0,0,0,0,0
2025-08-26 16:42:12.456,44.68,-22.21,-10.79,-12.01,0.33,3.234,0,0,0,0,0
2025-08-26 16:42:12.506,44.68,-22.21,-10.79,-12.01,0.33,3.234,0,0,0,0,0
2025-08-26 16:42:12.556,44.68,-22.21,-10.79,-12.01,0.33,3.234,0,0,0,0,0
2025-08-26 16:42:12.607,44.68,-22.21,-10.79,-12.01,0.33,3.234,0,0,0,0,0
2025-08-26 16:42:12.657,44.68,-22.21,-10.79,-12.01,0.33,3.234,0,0,0,0,0
2025-08-26 16:42:12.707,44.68,-22.21,-10.79,-12.01,0.33,3.234,0,0,0,0,0
2025-08-26 16:42:12.758,44.68,-22.21,-10.79,-12.01,0.33,3.234,0,0,0,0,0
2025-08-26 16:42:12.808,44.68,-22.21,-10.79,-12.01,0.33,3.234,0,0,0,0,0
2025-08-26 16:42:12.858,44.68,-22.21,-10.79,-12.01,0.33,3.234,0,0,0,0,0
2025-08-26 16:42:12.909,44.68,-22.21,-10.79,-12.01,0.33,3.234,0,0,0,0,0
2025-08-26 16:42:12.959,44.68,-22.21,-10.79,-12.01,0.33,3.234,0,0,0,0,0
2025-08-26 16:42:13.009,44.68,-22.21,-10.79,-12.01,0.33,3.234,0,0,0,0,0
2025-08-26 16:42:13.059,44.68,-22.21,-10.79,-12.01,0.33,3.234,0,0,0,0,0
2025-08-26 16:42:13.110,44.68,-22.21,-10.79,-12.01,0.33,3.234,0,0,0,0,0
2025-08-26 16:42:13.160,44.68,-22.21,-10.79,-12.01,0.33,3.234,0,0,0,0,0
2025-08-26 16:42:13.210,44.68,-22.21,-10.79,-12.01,0.33,3.234,0,0,0,0,0
2025-08-26 16:42:13.261,44.68,-22.21,-10.79,-12.01,0.33,3.234,0,0,0,0,0
2025-08-26 16:42:13.311,44.68,-22.21,-10.79,-12.01,0.33,3.234,0,0,0,0,0
2025-08-26 16:42:13.361,44.68,-22.21,-10.79,-12.01,0.33,3.234,0,0,0,0,0
2025-08-26 16:42:13.412,44.68,-22.21,-10.79,-12.01,0.33,3.234,0,0,0,0,0
2025-08-26 16:42:13.462,44.68,-22.21,-10.79,-12.01,0.33,3.234,0,0,0,0,0
2025-08-26 16:42:13.512,44.68,-22.21,-10.79,-12.01,0.33,3.234,0,0,0,0,0
2025-08-26 16:42:13.563,44.68,-22.21,-10.79,-11.99,0.31,3.038,0,0,0,0,0
2025-08-26 16:42:13.613,44.68,-22.21,-10.79,-11.99,0.31,3.038,0,0,0,0,0
2025-08-26 16:42:13.663,44.68,-22.21,-10.79,-11.99,0.31,3.038,0,0,0,0,0
2025-08-26 16:42:13.714,44.68,-22.2,-10.79,-11.99,0.3,2.94,0,0,0,0,0
2025-08-26 16:42:13.764,44.68,-22.2,-10.79,-11.99,0.3,2.94,0,0,0,0,0
2025-08-26 16:42:13.814,44.68,-22.2,-10.79,-11.99,0.3,2.94,0,0,0,0,0
2025-08-26 16:42:13.865,44.68,-22.2,-10.79,-11.99,0.3,2.94,0,0,0,0,0
2025-08-26 16:42:13.915,44.69,-22.2,-10.79,-11.99,0.29,2.842,0,0,0,0,0
2025-08-26 16:42:13.965,44.69,-22.2,-10.79,-11.99,0.29,2.842,0,0,0,0,0
2025-08-26 16:42:14.016,44.69,-22.2,-10.79,-11.99,0.29,2.842,0,0,0,0,0
2025-08-26 16:42:14.066,44.69,-22.2,-10.79,-11.99,0.29,2.842,0,0,0,0,0
2025-08-26 16:42:14.116,44.69,-22.2,-10.79,-11.99,0.29,2.842,0,0,0,0,0
2025-08-26 16:42:14.167,44.69,-22.2,-10.79,-11.99,0.29,2.842,0,0,0,0,0
2025-08-26 16:42:14.217,44.69,-22.2,-10.79,-11.99,0.29,2.842,0,0,0,0,0
2025-08-26 16:42:14.267,44.69,-22.2,-10.79,-11.88,0.18,1.764,0,0,0,0,0
2025-08-26 16:42:14.318,44.69,-22.2,-10.79,-11.88,0.18,1.764,0,0,0,0,0
2025-08-26 16:42:14.368,44.69,-22.2,-10.79,-11.88,0.18,1.764,0,0,0,0,0
2025-08-26 16:42:14.418,44.69,-22.21,-10.79,-11.88,0.19,1.862,0,0,0,0,0
2025-08-26 16:42:14.469,44.69,-22.21,-10.79,-11.88,0.19,1.862,0,0,0,0,0
